"county_fips","cz","state_fips"
1,60,1
3,254,1
5,20,1
7,21,1
9,21,1
11,20,1
13,60,1
15,303,1
17,409,1
19,558,1
21,21,1
23,312,1
25,312,1
27,190,1
29,303,1
31,188,1
33,140,1
35,380,1
37,190,1
39,60,1
41,60,1
43,120,1
45,188,1
47,458,1
49,558,1
51,60,1
53,380,1
55,558,1
57,462,1
59,140,1
61,188,1
63,216,1
65,216,1
67,188,1
69,188,1
71,106,1
73,21,1
75,462,1
77,140,1
79,120,1
81,22,1
83,120,1
85,60,1
87,22,1
89,120,1
91,312,1
93,462,1
95,558,1
97,254,1
99,380,1
101,60,1
103,120,1
105,458,1
107,216,1
109,60,1
111,409,1
113,22,1
115,21,1
117,21,1
119,312,1
121,190,1
123,190,1
125,216,1
127,462,1
129,254,1
131,312,1
133,462,1
13,660,2
16,171,2
20,103,2
50,692,2
60,639,2
68,378,2
70,701,2
90,378,2
100,638,2
110,638,2
122,103,2
130,649,2
150,667,2
164,668,2
170,103,2
180,706,2
185,901,2
188,901,2
201,649,2
220,638,2
232,638,2
240,679,2
261,645,2
270,707,2
280,696,2
282,638,2
290,378,2
1,552,4
3,476,4
5,438,4
7,158,4
9,207,4
11,207,4
12,323,4
13,158,4
15,297,4
17,552,4
19,476,4
21,158,4
23,476,4
25,438,4
27,658,4
1,553,5
3,602,5
5,321,5
7,240,5
9,185,5
11,225,5
13,92,5
15,185,5
17,602,5
19,411,5
21,259,5
23,568,5
25,225,5
27,422,5
29,71,5
31,259,5
33,49,5
35,1,5
37,413,5
39,92,5
41,225,5
43,225,5
45,71,5
47,49,5
49,430,5
51,411,5
53,71,5
55,259,5
57,265,5
59,411,5
61,265,5
63,430,5
65,430,5
67,568,5
69,225,5
71,200,5
73,422,5
75,259,5
77,413,5
79,225,5
81,29,5
83,49,5
85,71,5
87,240,5
89,321,5
91,29,5
93,520,5
95,553,5
97,411,5
99,265,5
101,185,5
103,92,5
105,71,5
107,413,5
109,265,5
111,259,5
113,411,5
115,200,5
117,553,5
119,71,5
121,259,5
123,413,5
125,71,5
127,49,5
129,628,5
131,49,5
133,29,5
135,430,5
137,628,5
139,92,5
141,628,5
143,240,5
145,568,5
147,568,5
149,200,5
1,294,6
3,211,6
5,211,6
7,348,6
9,211,6
11,348,6
13,294,6
15,615,6
17,211,6
19,187,6
21,348,6
23,612,6
25,658,6
27,575,6
29,903,6
31,187,6
33,641,6
35,635,6
37,323,6
39,187,6
41,294,6
43,187,6
45,641,6
47,484,6
49,637,6
51,575,6
53,218,6
55,294,6
57,93,6
59,323,6
61,93,6
63,635,6
65,323,6
67,93,6
69,218,6
71,323,6
73,902,6
75,294,6
77,211,6
79,584,6
81,294,6
83,584,6
85,218,6
87,218,6
89,348,6
91,93,6
93,637,6
95,294,6
97,294,6
99,484,6
101,93,6
103,348,6
105,612,6
107,187,6
109,484,6
111,323,6
113,93,6
115,93,6
1,5,8
3,264,8
5,5,8
7,423,8
9,693,8
11,500,8
13,5,8
15,697,8
17,626,8
19,5,8
21,264,8
23,264,8
25,159,8
27,159,8
29,381,8
31,5,8
33,363,8
35,5,8
37,183,8
39,5,8
41,153,8
43,159,8
45,183,8
47,5,8
49,691,8
51,633,8
53,633,8
55,613,8
57,663,8
59,5,8
61,500,8
63,626,8
65,183,8
67,423,8
69,515,8
71,613,8
73,153,8
75,571,8
77,677,8
79,264,8
81,414,8
83,363,8
85,381,8
87,579,8
89,159,8
91,381,8
93,5,8
95,571,8
97,183,8
99,500,8
101,159,8
103,414,8
105,264,8
107,414,8
109,264,8
111,423,8
113,381,8
115,571,8
117,183,8
119,153,8
121,579,8
123,515,8
125,579,8
1,78,9
3,78,9
5,78,9
7,78,9
9,78,9
11,78,9
13,78,9
15,78,9
1,180,10
3,196,10
5,180,10
1,74,11
1,205,12
3,64,12
5,306,12
7,64,12
9,601,12
11,410,12
13,62,12
15,334,12
17,205,12
19,64,12
21,307,12
23,374,12
27,334,12
29,205,12
31,64,12
33,143,12
35,277,12
37,678,12
39,62,12
41,205,12
43,307,12
45,306,12
47,374,12
49,522,12
51,307,12
53,325,12
55,522,12
57,325,12
59,306,12
61,601,12
63,306,12
65,62,12
67,374,12
69,75,12
71,307,12
73,62,12
75,205,12
77,62,12
79,374,12
81,334,12
83,205,12
85,237,12
86,410,12
87,410,12
89,64,12
91,143,12
93,237,12
95,75,12
97,75,12
99,237,12
101,325,12
103,325,12
105,522,12
107,64,12
109,64,12
111,237,12
113,143,12
115,334,12
117,75,12
119,75,12
121,374,12
123,670,12
125,64,12
127,277,12
129,62,12
131,143,12
133,306,12
1,119,13
3,137,13
5,137,13
7,8,13
9,194,13
11,310,13
13,141,13
15,90,13
17,197,13
19,19,13
21,67,13
23,252,13
25,165,13
27,19,13
29,61,13
31,424,13
33,30,13
35,141,13
37,8,13
39,64,13
43,424,13
45,303,13
47,106,13
49,64,13
51,61,13
53,22,13
55,90,13
57,141,13
59,41,13
61,8,13
63,141,13
65,137,13
67,141,13
69,137,13
71,382,13
73,30,13
75,19,13
77,409,13
79,67,13
81,341,13
83,106,13
85,310,13
87,347,13
89,141,13
91,252,13
93,341,13
95,8,13
97,141,13
99,8,13
101,19,13
103,61,13
105,371,13
107,424,13
109,61,13
111,562,13
113,141,13
115,90,13
117,310,13
119,371,13
121,141,13
123,562,13
125,30,13
127,165,13
129,90,13
131,382,13
133,278,13
135,141,13
137,310,13
139,310,13
141,194,13
143,303,13
145,22,13
147,371,13
149,409,13
151,141,13
153,67,13
155,197,13
157,310,13
159,141,13
161,119,13
163,30,13
165,424,13
167,252,13
169,67,13
171,247,13
173,19,13
175,252,13
177,8,13
179,61,13
181,278,13
183,61,13
185,19,13
187,310,13
189,30,13
191,165,13
193,79,13
195,41,13
197,79,13
199,22,13
201,347,13
205,8,13
207,67,13
209,119,13
211,278,13
213,90,13
215,22,13
217,141,13
219,41,13
221,41,13
223,141,13
225,67,13
227,141,13
229,137,13
231,247,13
233,90,13
235,252,13
237,194,13
239,20,13
241,123,13
243,8,13
245,30,13
247,141,13
249,79,13
251,424,13
253,347,13
255,247,13
257,371,13
259,79,13
261,79,13
263,22,13
265,278,13
267,61,13
269,67,13
271,119,13
273,8,13
275,382,13
277,197,13
279,119,13
281,357,13
283,119,13
285,409,13
287,197,13
289,67,13
291,357,13
293,247,13
295,106,13
297,141,13
299,137,13
301,30,13
303,252,13
305,61,13
307,79,13
309,119,13
311,310,13
313,90,13
315,341,13
317,278,13
319,194,13
321,8,13
1,290,15
3,290,15
5,290,15
7,702,15
9,290,15
1,52,16
3,460,16
5,88,16
7,529,16
9,501,16
11,88,16
13,124,16
15,52,16
17,498,16
19,88,16
21,498,16
23,88,16
25,124,16
27,52,16
29,529,16
31,132,16
33,88,16
35,46,16
37,654,16
39,52,16
41,227,16
43,201,16
45,52,16
47,124,16
49,46,16
51,88,16
53,124,16
55,501,16
57,477,16
59,654,16
61,46,16
63,124,16
65,201,16
67,132,16
69,46,16
71,227,16
73,52,16
75,208,16
77,88,16
79,501,16
81,234,16
83,124,16
85,460,16
87,208,16
1,85,17
3,384,17
5,221,17
7,115,17
9,548,17
11,145,17
13,221,17
15,115,17
17,548,17
19,224,17
21,66,17
23,242,17
25,471,17
27,349,17
29,235,17
31,58,17
33,443,17
35,235,17
37,58,17
39,320,17
41,224,17
43,58,17
45,242,17
47,471,17
49,235,17
51,221,17
53,224,17
55,384,17
57,548,17
59,343,17
61,122,17
63,58,17
65,349,17
67,192,17
69,343,17
71,192,17
73,229,17
75,440,17
77,384,17
79,235,17
81,349,17
83,221,17
85,344,17
87,384,17
89,58,17
91,440,17
93,58,17
95,280,17
97,58,17
99,145,17
101,443,17
103,115,17
105,320,17
107,127,17
109,548,17
111,58,17
113,320,17
115,235,17
117,66,17
119,221,17
121,349,17
123,127,17
125,127,17
127,343,17
129,66,17
131,229,17
133,2,17
135,66,17
137,122,17
139,235,17
141,115,17
143,127,17
145,384,17
147,224,17
149,85,17
151,343,17
153,384,17
155,145,17
157,384,17
159,471,17
161,229,17
163,2,17
165,343,17
167,66,17
169,548,17
171,122,17
173,235,17
175,229,17
177,115,17
179,127,17
181,384,17
183,202,17
185,471,17
187,280,17
189,349,17
191,471,17
193,471,17
195,115,17
197,58,17
199,384,17
201,115,17
203,127,17
1,448,18
3,191,18
5,383,18
7,202,18
9,448,18
11,25,18
13,25,18
15,202,18
17,285,18
19,26,18
21,242,18
23,202,18
25,26,18
27,272,18
29,181,18
31,181,18
33,191,18
35,448,18
37,50,18
39,408,18
41,337,18
43,26,18
45,202,18
47,181,18
49,587,18
51,50,18
53,448,18
55,272,18
57,25,18
59,25,18
61,26,18
63,25,18
65,25,18
67,285,18
69,191,18
71,383,18
73,236,18
75,448,18
77,463,18
79,383,18
81,25,18
83,443,18
85,587,18
87,191,18
89,236,18
91,236,18
93,272,18
95,25,18
97,25,18
99,408,18
101,272,18
103,285,18
105,272,18
107,202,18
109,25,18
111,236,18
113,191,18
115,181,18
117,272,18
119,272,18
121,242,18
123,50,18
125,50,18
127,236,18
129,50,18
131,236,18
133,25,18
135,448,18
137,181,18
139,25,18
141,408,18
143,383,18
145,25,18
147,50,18
149,408,18
151,191,18
153,242,18
155,181,18
157,202,18
159,285,18
161,337,18
163,50,18
165,242,18
167,242,18
169,587,18
171,202,18
173,50,18
175,26,18
177,337,18
179,191,18
181,202,18
183,191,18
1,15,19
3,509,19
5,470,19
7,393,19
9,597,19
11,161,19
13,230,19
15,15,19
17,230,19
19,230,19
21,564,19
23,230,19
25,401,19
27,621,19
29,597,19
31,161,19
33,304,19
35,564,19
37,507,19
39,526,19
41,518,19
43,470,19
45,344,19
47,564,19
49,15,19
51,393,19
53,526,19
55,344,19
57,192,19
59,518,19
61,344,19
63,518,19
65,230,19
67,507,19
69,561,19
71,295,19
73,621,19
75,230,19
77,15,19
79,401,19
81,304,19
83,561,19
85,24,19
87,192,19
89,507,19
91,401,19
93,564,19
95,161,19
97,344,19
99,455,19
101,478,19
103,161,19
105,161,19
107,393,19
109,518,19
111,192,19
113,161,19
115,161,19
117,526,19
119,504,19
121,15,19
123,393,19
125,393,19
127,455,19
129,24,19
131,507,19
133,4,19
135,393,19
137,295,19
139,161,19
141,504,19
143,504,19
145,295,19
147,518,19
149,4,19
151,564,19
153,15,19
155,24,19
157,455,19
159,509,19
161,564,19
163,229,19
165,597,19
167,504,19
169,15,19
171,455,19
173,509,19
175,509,19
177,478,19
179,393,19
181,15,19
183,161,19
185,526,19
187,401,19
189,304,19
191,507,19
193,4,19
195,304,19
197,401,19
1,456,20
3,604,20
5,616,20
7,652,20
9,505,20
11,101,20
13,516,20
15,82,20
17,287,20
19,594,20
21,101,20
23,648,20
25,406,20
27,125,20
29,576,20
31,287,20
33,406,20
35,594,20
37,101,20
39,653,20
41,155,20
43,55,20
45,133,20
47,406,20
49,594,20
51,535,20
53,155,20
55,243,20
57,406,20
59,604,20
61,125,20
63,502,20
65,535,20
67,449,20
69,406,20
71,650,20
73,594,20
75,672,20
77,652,20
79,82,20
81,243,20
83,406,20
85,133,20
87,133,20
89,576,20
91,121,20
93,243,20
95,82,20
97,607,20
99,428,20
101,582,20
103,616,20
105,155,20
107,121,20
109,502,20
111,287,20
113,549,20
115,82,20
117,580,20
119,379,20
121,121,20
123,576,20
125,428,20
127,125,20
129,449,20
131,516,20
133,456,20
135,687,20
137,598,20
139,133,20
141,643,20
143,155,20
145,505,20
147,598,20
149,125,20
151,607,20
153,653,20
155,549,20
157,576,20
159,549,20
161,125,20
163,535,20
165,505,20
167,643,20
169,155,20
171,582,20
173,82,20
175,379,20
177,133,20
179,502,20
181,648,20
183,598,20
185,505,20
187,449,20
189,449,20
191,82,20
193,502,20
195,535,20
197,133,20
199,650,20
201,580,20
203,582,20
205,456,20
207,456,20
209,121,20
1,468,21
3,157,21
5,72,21
7,128,21
9,228,21
11,311,21
13,450,21
15,89,21
17,72,21
19,116,21
21,266,21
23,89,21
25,439,21
27,176,21
29,26,21
31,157,21
33,331,21
35,128,21
37,89,21
39,128,21
41,463,21
43,311,21
45,266,21
47,108,21
49,439,21
51,351,21
53,472,21
55,331,21
57,472,21
59,63,21
61,157,21
63,311,21
65,336,21
67,72,21
69,372,21
71,302,21
73,72,21
75,117,21
77,89,21
79,266,21
81,89,21
83,128,21
85,176,21
87,468,21
89,116,21
91,63,21
93,176,21
95,450,21
97,72,21
99,228,21
101,331,21
103,26,21
105,117,21
107,331,21
109,351,21
111,26,21
113,72,21
115,302,21
117,89,21
119,319,21
121,351,21
123,176,21
125,351,21
127,302,21
129,439,21
131,319,21
133,319,21
135,372,21
137,266,21
139,128,21
141,108,21
143,331,21
145,128,21
147,531,21
149,63,21
151,336,21
153,302,21
155,523,21
157,128,21
159,302,21
161,372,21
163,176,21
165,311,21
167,266,21
169,228,21
171,228,21
173,311,21
175,311,21
177,63,21
179,523,21
181,72,21
183,63,21
185,26,21
187,463,21
189,439,21
191,89,21
193,319,21
195,302,21
197,439,21
199,531,21
201,72,21
203,336,21
205,311,21
207,468,21
209,72,21
211,26,21
213,157,21
215,26,21
217,468,21
219,108,21
221,108,21
223,463,21
225,331,21
227,157,21
229,523,21
231,472,21
233,331,21
235,351,21
237,439,21
239,72,21
1,168,22
3,154,22
5,16,22
7,338,22
9,114,22
11,154,22
13,314,22
15,23,22
17,23,22
19,154,22
21,593,22
23,154,22
25,289,22
27,23,22
29,289,22
31,23,22
33,16,22
35,313,22
37,16,22
39,168,22
41,289,22
43,114,22
45,168,22
47,16,22
49,314,22
51,56,22
53,154,22
55,168,22
57,338,22
59,593,22
61,314,22
63,16,22
65,258,22
67,313,22
69,23,22
71,56,22
73,313,22
75,56,22
77,16,22
79,114,22
81,23,22
83,313,22
85,23,22
87,56,22
89,56,22
91,16,22
93,16,22
95,56,22
97,168,22
99,168,22
101,338,22
103,56,22
105,16,22
107,289,22
109,338,22
111,313,22
113,168,22
115,154,22
117,56,22
119,23,22
121,16,22
123,313,22
125,16,22
127,314,22
1,94,23
3,689,23
5,94,23
7,94,23
9,339,23
11,94,23
13,94,23
15,94,23
17,94,23
19,339,23
21,339,23
23,94,23
25,94,23
27,94,23
29,339,23
31,281,23
1,152,24
3,36,24
5,36,24
9,74,24
11,355,24
13,36,24
15,196,24
17,74,24
19,355,24
21,418,24
23,152,24
25,36,24
27,36,24
29,355,24
31,74,24
33,74,24
35,355,24
37,74,24
39,180,24
41,355,24
43,418,24
45,180,24
47,180,24
510,36,24
1,76,25
3,630,25
5,73,25
7,705,25
9,76,25
11,239,25
13,239,25
15,239,25
17,76,25
19,704,25
21,76,25
23,76,25
25,76,25
27,76,25
1,322,26
3,519,26
5,249,26
7,322,26
9,104,26
11,352,26
13,13,26
15,249,26
17,352,26
19,104,26
21,408,26
23,284,26
25,284,26
27,408,26
29,395,26
31,395,26
33,508,26
35,352,26
37,53,26
39,388,26
41,519,26
43,111,26
45,53,26
47,395,26
49,53,26
51,352,26
53,130,26
55,104,26
57,352,26
59,513,26
61,13,26
63,583,26
65,53,26
67,249,26
69,322,26
71,111,26
73,352,26
75,513,26
77,284,26
79,104,26
81,249,26
83,13,26
85,172,26
87,232,26
89,104,26
91,513,26
93,232,26
95,508,26
97,508,26
99,232,26
101,574,26
103,519,26
105,574,26
107,172,26
109,111,26
111,352,26
113,172,26
115,77,26
117,249,26
119,322,26
121,249,26
123,249,26
125,232,26
127,249,26
129,388,26
131,130,26
133,172,26
135,388,26
137,322,26
139,249,26
141,322,26
143,388,26
145,352,26
147,232,26
149,284,26
151,232,26
153,519,26
155,53,26
157,583,26
159,284,26
161,513,26
163,232,26
165,172,26
1,305,27
3,47,27
5,375,27
7,356,27
9,12,27
11,479,27
13,83,27
15,83,27
17,179,27
19,47,27
21,305,27
23,491,27
25,47,27
27,33,27
29,356,27
31,179,27
33,563,27
35,305,27
37,47,27
39,144,27
41,451,27
43,614,27
45,144,27
47,590,27
49,144,27
51,451,27
53,47,27
55,186,27
57,356,27
59,47,27
61,305,27
63,563,27
65,555,27
67,491,27
69,537,27
71,683,27
73,491,27
75,179,27
77,496,27
79,83,27
81,437,27
83,437,27
85,499,27
87,375,27
89,271,27
91,614,27
93,499,27
95,12,27
97,12,27
99,590,27
101,563,27
103,83,27
105,563,27
107,33,27
109,144,27
111,415,27
113,271,27
115,555,27
117,437,27
119,271,27
121,451,27
123,47,27
125,271,27
127,591,27
129,591,27
131,566,27
133,11,27
135,496,27
137,179,27
139,47,27
141,12,27
143,499,27
145,12,27
147,566,27
149,451,27
151,491,27
153,415,27
155,479,27
157,144,27
159,415,27
161,566,27
163,47,27
165,83,27
167,33,27
169,204,27
171,47,27
173,491,27
1,289,28
3,494,28
5,345,28
7,589,28
9,389,28
11,275,28
13,166,28
15,156,28
17,166,28
19,446,28
21,258,28
23,268,28
25,446,28
27,416,28
29,45,28
31,34,28
33,1,28
35,34,28
37,345,28
39,255,28
41,255,28
43,156,28
45,255,28
47,255,28
49,45,28
51,589,28
53,275,28
55,275,28
57,166,28
59,255,28
61,257,28
63,258,28
65,34,28
67,257,28
69,268,28
71,416,28
73,34,28
75,268,28
77,345,28
79,268,28
81,166,28
83,156,28
85,345,28
87,446,28
89,45,28
91,34,28
93,389,28
95,166,28
97,156,28
99,268,28
101,268,28
103,446,28
105,446,28
107,416,28
109,255,28
111,34,28
113,345,28
115,166,28
117,494,28
119,416,28
121,45,28
123,268,28
125,275,28
127,45,28
129,257,28
131,255,28
133,275,28
135,416,28
137,1,28
139,389,28
141,494,28
143,1,28
145,389,28
147,34,28
149,258,28
151,275,28
153,257,28
155,446,28
157,345,28
159,268,28
161,416,28
163,45,28
1,253,29
3,55,29
5,295,29
7,629,29
9,317,29
11,542,29
13,121,29
15,464,29
17,209,29
19,126,29
21,55,29
23,350,29
25,368,29
27,126,29
29,376,29
31,209,29
33,492,29
35,350,29
37,121,29
39,542,29
41,492,29
43,44,29
45,192,29
47,121,29
49,368,29
51,126,29
53,126,29
55,2,29
57,542,29
59,44,29
61,368,29
63,368,29
65,493,29
67,364,29
69,520,29
71,2,29
73,2,29
75,55,29
77,44,29
79,469,29
81,368,29
83,464,29
85,44,29
87,55,29
89,126,29
91,364,29
93,399,29
95,121,29
97,101,29
99,2,29
101,464,29
103,253,29
105,44,29
107,121,29
109,317,29
111,85,29
113,2,29
115,492,29
117,492,29
119,240,29
121,554,29
123,399,29
125,493,29
127,85,29
129,469,29
131,376,29
133,209,29
135,126,29
137,554,29
139,629,29
141,376,29
143,209,29
145,101,29
147,55,29
149,364,29
151,126,29
153,321,29
155,520,29
157,209,29
159,464,29
161,493,29
163,85,29
165,121,29
167,44,29
169,493,29
171,469,29
173,85,29
175,554,29
177,121,29
179,493,29
181,350,29
183,2,29
185,464,29
186,399,29
187,399,29
189,2,29
195,671,29
197,253,29
199,253,29
201,209,29
203,364,29
205,554,29
207,209,29
209,353,29
211,469,29
213,353,29
215,364,29
217,542,29
219,2,29
221,399,29
223,350,29
225,44,29
227,55,29
229,364,29
510,2,29
1,686,30
3,595,30
5,600,30
7,95,30
9,300,30
11,664,30
13,503,30
15,503,30
17,487,30
19,661,30
21,521,30
23,495,30
25,664,30
27,543,30
29,609,30
31,539,30
33,685,30
35,631,30
37,300,30
39,495,30
41,600,30
43,95,30
45,543,30
47,609,30
49,95,30
51,600,30
53,698,30
55,544,30
57,539,30
59,623,30
61,365,30
63,365,30
65,300,30
67,539,30
69,543,30
71,703,30
73,631,30
75,674,30
77,495,30
79,487,30
81,365,30
83,540,30
85,544,30
87,595,30
89,609,30
91,661,30
93,495,30
95,300,30
97,539,30
99,503,30
101,631,30
103,595,30
105,544,30
107,623,30
109,521,30
111,300,30
1,267,31
3,532,31
5,461,31
7,210,31
9,546,31
11,329,31
13,636,31
15,532,31
17,547,31
19,241,31
21,603,31
23,329,31
25,24,31
27,429,31
29,293,31
31,578,31
33,510,31
35,267,31
37,329,31
39,603,31
41,546,31
43,4,31
45,636,31
47,244,31
49,510,31
51,57,31
53,24,31
55,24,31
57,293,31
59,550,31
61,241,31
63,244,31
65,244,31
67,245,31
69,510,31
71,514,31
73,244,31
75,578,31
77,206,31
79,206,31
81,206,31
83,244,31
85,293,31
87,293,31
89,532,31
91,578,31
93,206,31
95,245,31
97,245,31
99,241,31
101,461,31
103,547,31
105,625,31
107,429,31
109,245,31
111,292,31
113,292,31
115,514,31
117,292,31
119,57,31
121,206,31
123,210,31
125,329,31
127,245,31
129,267,31
131,245,31
133,516,31
135,461,31
137,244,31
139,57,31
141,329,31
143,550,31
145,293,31
147,516,31
149,547,31
151,245,31
153,24,31
155,24,31
157,210,31
159,245,31
161,636,31
163,241,31
165,210,31
167,57,31
169,267,31
171,546,31
173,603,31
175,514,31
177,24,31
179,57,31
181,267,31
183,532,31
185,550,31
1,80,32
3,297,32
5,211,32
7,3,32
9,297,32
11,3,32
13,396,32
15,396,32
17,297,32
19,80,32
21,80,32
23,297,32
27,396,32
29,80,32
31,80,32
33,3,32
510,80,32
1,281,33
3,281,33
5,486,33
7,195,33
9,398,33
11,281,33
13,281,33
15,281,33
17,281,33
19,398,33
1,308,34
3,250,34
5,308,34
7,308,34
9,308,34
11,308,34
13,250,34
15,308,34
17,250,34
19,250,34
21,316,34
23,250,34
25,427,34
27,250,34
29,427,34
31,250,34
33,308,34
35,250,34
37,250,34
39,250,34
41,250,34
1,17,35
3,665,35
5,655,35
6,552,35
7,315,35
9,405,35
11,656,35
13,288,35
15,655,35
17,647,35
19,656,35
21,315,35
23,647,35
25,533,35
27,619,35
28,175,35
29,647,35
31,552,35
33,315,35
35,619,35
37,656,35
39,175,35
41,405,35
43,17,35
45,363,35
47,315,35
49,175,35
51,288,35
53,17,35
55,175,35
57,17,35
59,37,35
61,17,35
1,96,36
3,164,36
5,134,36
7,169,36
9,164,36
11,214,36
13,215,36
15,431,36
17,466,36
19,527,36
21,96,36
23,214,36
25,466,36
27,151,36
29,164,36
31,527,36
33,527,36
35,385,36
37,164,36
39,96,36
41,385,36
43,198,36
45,198,36
47,134,36
49,198,36
51,184,36
53,214,36
55,184,36
57,385,36
59,134,36
61,134,36
63,164,36
65,198,36
67,214,36
69,184,36
71,151,36
73,184,36
75,214,36
77,466,36
79,151,36
81,134,36
83,96,36
85,134,36
87,151,36
89,527,36
91,96,36
93,96,36
95,96,36
97,431,36
99,184,36
101,431,36
103,134,36
105,151,36
107,169,36
109,214,36
111,151,36
113,96,36
115,96,36
117,184,36
119,151,36
121,164,36
123,184,36
1,248,37
3,246,37
5,150,37
7,138,37
9,482,37
11,482,37
13,298,37
15,261,37
17,162,37
19,110,37
21,91,37
23,246,37
25,138,37
27,246,37
29,147,37
31,182,37
33,248,37
35,246,37
37,87,37
39,357,37
41,147,37
43,357,37
45,138,37
47,162,37
49,182,37
51,162,37
53,147,37
55,147,37
57,248,37
59,112,37
61,559,37
63,87,37
65,146,37
67,112,37
69,87,37
71,138,37
73,39,37
75,682,37
77,87,37
79,298,37
81,248,37
83,261,37
85,87,37
87,91,37
89,91,37
91,261,37
93,162,37
95,298,37
97,138,37
99,123,37
101,87,37
103,182,37
105,87,37
107,298,37
109,138,37
111,246,37
113,123,37
115,91,37
117,298,37
119,138,37
121,402,37
123,528,37
125,528,37
127,146,37
129,110,37
131,261,37
133,182,37
135,87,37
137,182,37
139,147,37
141,110,37
143,147,37
145,87,37
147,298,37
149,361,37
151,248,37
153,528,37
155,162,37
157,248,37
159,138,37
161,361,37
163,559,37
165,162,37
167,138,37
169,112,37
171,112,37
173,123,37
175,91,37
177,298,37
179,138,37
181,87,37
183,87,37
185,87,37
187,298,37
189,482,37
191,559,37
193,482,37
195,146,37
197,112,37
199,402,37
1,599,38
3,624,38
5,390,38
7,131,38
9,276,38
11,326,38
13,622,38
15,43,38
17,33,38
19,537,38
21,360,38
23,622,38
25,131,38
27,390,38
29,605,38
31,390,38
33,521,38
35,271,38
37,43,38
39,681,38
41,131,38
43,624,38
45,360,38
47,605,38
49,276,38
51,605,38
53,540,38
55,43,38
57,43,38
59,43,38
61,540,38
63,271,38
65,43,38
67,537,38
69,570,38
71,390,38
73,360,38
75,276,38
77,33,38
79,570,38
81,360,38
83,577,38
85,474,38
87,326,38
89,131,38
91,271,38
93,624,38
95,570,38
97,271,38
99,537,38
101,276,38
103,577,38
105,622,38
1,89,39
3,404,39
5,391,39
7,170,39
9,442,39
11,404,39
13,222,39
15,89,39
17,89,39
19,148,39
21,38,39
23,38,39
25,89,39
27,400,39
29,296,39
31,148,39
33,391,39
35,170,39
37,38,39
39,432,39
41,10,39
43,417,39
45,10,39
47,400,39
49,10,39
51,432,39
53,442,39
55,170,39
57,38,39
59,318,39
61,89,39
63,536,39
65,536,39
67,148,39
69,432,39
71,400,39
73,10,39
75,148,39
77,417,39
79,327,39
81,213,39
83,10,39
85,170,39
87,116,39
89,10,39
91,536,39
93,417,39
95,77,39
97,10,39
99,296,39
101,391,39
103,170,39
105,442,39
107,404,39
109,38,39
111,222,39
113,38,39
115,10,39
117,391,39
119,10,39
121,318,39
123,77,39
125,432,39
127,10,39
129,327,39
131,327,39
133,170,39
135,38,39
137,404,39
139,391,39
141,327,39
143,77,39
145,327,39
147,536,39
149,38,39
151,148,39
153,170,39
155,296,39
157,148,39
159,10,39
161,404,39
163,327,39
165,89,39
167,81,39
169,148,39
171,432,39
173,77,39
175,536,39
1,426,40
3,435,40
5,497,40
7,379,40
9,397,40
11,370,40
13,433,40
15,28,40
17,28,40
19,269,40
21,426,40
23,386,40
25,444,40
27,28,40
29,497,40
31,369,40
33,369,40
35,572,40
37,40,40
39,397,40
41,572,40
43,370,40
45,370,40
47,435,40
49,269,40
51,28,40
53,435,40
55,425,40
57,425,40
59,370,40
61,473,40
63,452,40
65,425,40
67,369,40
69,269,40
71,407,40
73,28,40
75,425,40
77,473,40
79,473,40
81,28,40
83,28,40
85,269,40
87,28,40
89,29,40
91,426,40
93,435,40
95,269,40
97,572,40
99,269,40
101,426,40
103,407,40
105,428,40
107,452,40
109,28,40
111,452,40
113,40,40
115,572,40
117,40,40
119,407,40
121,473,40
123,497,40
125,452,40
127,386,40
129,397,40
131,40,40
133,452,40
135,49,40
137,369,40
139,444,40
141,369,40
143,40,40
145,40,40
147,428,40
149,397,40
151,435,40
153,370,40
1,657,41
3,109,41
5,129,41
7,354,41
9,129,41
11,659,41
13,373,41
15,615,41
17,373,41
19,659,41
21,174,41
23,694,41
25,695,41
27,362,41
29,488,41
31,373,41
33,488,41
35,637,41
37,699,41
39,109,41
41,662,41
43,109,41
45,208,41
47,109,41
49,174,41
51,129,41
53,109,41
55,362,41
57,662,41
59,174,41
61,657,41
63,673,41
65,362,41
67,129,41
69,174,41
71,129,41
1,251,42
3,203,42
5,203,42
7,203,42
9,420,42
11,231,42
13,420,42
15,358,42
17,316,42
19,203,42
21,420,42
23,524,42
25,231,42
27,565,42
29,316,42
31,215,42
33,332,42
35,358,42
37,113,42
39,215,42
41,251,42
43,251,42
45,316,42
47,524,42
49,215,42
51,203,42
53,215,42
55,418,42
57,418,42
59,136,42
61,565,42
63,420,42
65,332,42
67,565,42
69,309,42
71,251,42
73,296,42
75,251,42
77,231,42
79,309,42
81,358,42
83,524,42
85,296,42
87,565,42
89,309,42
91,316,42
93,113,42
95,231,42
97,113,42
99,251,42
101,316,42
103,309,42
105,524,42
107,231,42
109,113,42
111,420,42
113,358,42
115,169,42
117,431,42
119,113,42
121,215,42
123,215,42
125,203,42
127,309,42
129,203,42
131,309,42
133,251,42
1,73,44
3,73,44
5,73,44
7,73,44
9,73,44
1,282,45
3,30,45
5,212,45
7,282,45
9,212,45
11,212,45
13,142,45
15,98,45
17,212,45
19,98,45
21,361,45
23,346,45
25,220,45
27,84,45
29,98,45
31,220,45
33,220,45
35,98,45
37,30,45
39,84,45
41,220,45
43,238,45
45,282,45
47,282,45
49,142,45
51,238,45
53,142,45
55,84,45
57,346,45
59,282,45
61,84,45
63,84,45
65,282,45
67,220,45
69,220,45
71,84,45
73,282,45
75,212,45
77,282,45
79,84,45
81,84,45
83,361,45
85,84,45
87,361,45
89,238,45
91,346,45
3,135,46
5,135,46
7,556,46
9,429,46
11,467,46
13,324,46
15,335,46
17,335,46
19,107,46
21,474,46
23,620,46
25,301,46
27,4,46
29,301,46
31,474,46
33,107,46
35,135,46
37,675,46
39,301,46
41,260,46
43,620,46
45,324,46
47,107,46
49,324,46
51,479,46
53,642,46
55,646,46
57,301,46
59,335,46
61,135,46
63,326,46
65,6,46
67,620,46
69,335,46
71,646,46
73,135,46
75,680,46
77,467,46
79,467,46
81,107,46
83,11,46
85,335,46
87,11,46
89,324,46
91,479,46
93,107,46
95,459,46
97,467,46
99,11,46
101,467,46
103,107,46
105,599,46
107,684,46
109,479,46
111,135,46
113,556,46
115,324,46
117,6,46
119,6,46
121,459,46
123,642,46
125,11,46
127,4,46
129,474,46
135,429,46
137,260,46
1,65,47
3,177,47
5,560,47
7,106,47
9,65,47
11,217,47
13,65,47
15,54,47
17,560,47
19,167,47
21,54,47
23,189,47
25,450,47
27,199,47
29,328,47
31,177,47
33,189,47
35,573,47
37,54,47
39,189,47
41,199,47
43,480,47
45,117,47
47,1,47
49,573,47
51,177,47
53,189,47
55,457,47
57,328,47
59,167,47
61,106,47
63,328,47
65,106,47
67,328,47
69,189,47
71,494,47
73,167,47
75,189,47
77,189,47
79,560,47
81,480,47
83,108,47
85,480,47
87,199,47
89,328,47
91,482,47
93,65,47
95,117,47
97,1,47
99,457,47
101,457,47
103,120,47
105,65,47
107,217,47
109,494,47
111,54,47
113,189,47
115,106,47
117,457,47
119,457,47
121,217,47
123,65,47
125,108,47
127,177,47
129,65,47
131,117,47
133,199,47
135,457,47
137,472,47
139,217,47
141,199,47
143,106,47
145,65,47
147,54,47
149,54,47
151,531,47
153,106,47
155,328,47
157,1,47
159,54,47
161,108,47
163,167,47
165,54,47
167,1,47
169,54,47
171,167,47
173,65,47
175,199,47
177,199,47
179,167,47
181,457,47
183,117,47
185,199,47
187,54,47
189,54,47
1,475,48
3,97,48
5,551,48
7,99,48
9,68,48
11,7,48
13,69,48
15,588,48
17,405,48
19,69,48
21,27,48
23,68,48
25,226,48
27,35,48
29,69,48
31,27,48
33,541,48
35,283,48
37,29,48
39,9,48
41,160,48
43,481,48
45,419,48
47,99,48
49,511,48
51,160,48
53,27,48
55,27,48
57,149,48
59,86,48
61,291,48
63,286,48
65,7,48
67,286,48
69,585,48
71,9,48
73,475,48
75,299,48
77,68,48
79,270,48
81,193,48
83,511,48
85,42,48
87,273,48
89,588,48
91,69,48
93,534,48
95,193,48
97,447,48
99,35,48
101,299,48
103,97,48
105,606,48
107,270,48
109,481,48
111,37,48
113,42,48
115,541,48
117,585,48
119,42,48
121,447,48
123,149,48
125,627,48
127,506,48
129,634,48
131,99,48
133,632,48
135,97,48
137,483,48
139,42,48
141,288,48
143,534,48
145,283,48
147,433,48
149,588,48
151,86,48
153,419,48
155,453,48
157,9,48
159,286,48
161,485,48
163,557,48
165,533,48
167,9,48
169,270,48
171,569,48
173,333,48
175,149,48
177,690,48
179,273,48
181,433,48
183,163,48
185,160,48
187,69,48
189,419,48
191,634,48
193,534,48
195,512,48
197,453,48
199,118,48
201,9,48
203,163,48
205,37,48
207,490,48
209,27,48
211,273,48
213,475,48
215,291,48
217,283,48
219,270,48
221,102,48
223,286,48
225,475,48
227,333,48
229,288,48
231,42,48
233,7,48
235,193,48
237,608,48
239,149,48
241,118,48
243,481,48
245,118,48
247,538,48
249,99,48
251,102,48
253,86,48
255,226,48
257,42,48
259,69,48
261,99,48
263,644,48
265,569,48
267,569,48
269,299,48
271,392,48
273,99,48
275,490,48
277,386,48
279,405,48
281,35,48
283,557,48
285,149,48
287,27,48
289,485,48
291,9,48
293,485,48
295,512,48
297,226,48
299,27,48
301,97,48
303,270,48
305,270,48
307,592,48
309,283,48
311,226,48
313,387,48
315,163,48
317,333,48
319,592,48
321,9,48
323,506,48
325,69,48
327,592,48
329,333,48
331,27,48
333,511,48
335,541,48
337,447,48
339,9,48
341,444,48
343,286,48
345,627,48
347,551,48
349,42,48
351,118,48
353,86,48
355,99,48
357,512,48
359,7,48
361,118,48
363,102,48
365,163,48
367,102,48
369,405,48
371,610,48
373,118,48
375,7,48
377,481,48
379,42,48
381,7,48
383,333,48
385,483,48
387,386,48
389,97,48
391,99,48
393,273,48
395,160,48
397,42,48
399,193,48
401,163,48
403,551,48
405,551,48
407,9,48
409,99,48
411,35,48
413,606,48
415,541,48
417,86,48
419,551,48
421,444,48
423,475,48
425,102,48
427,291,48
429,632,48
431,193,48
433,644,48
435,606,48
437,419,48
439,102,48
441,86,48
443,610,48
445,270,48
447,608,48
449,286,48
451,193,48
453,27,48
455,387,48
457,118,48
459,163,48
461,333,48
463,506,48
465,392,48
467,42,48
469,149,48
471,387,48
473,9,48
475,97,48
477,588,48
479,538,48
481,9,48
483,273,48
485,68,48
487,453,48
489,291,48
491,27,48
493,69,48
495,97,48
497,447,48
499,286,48
501,533,48
503,608,48
505,538,48
507,506,48
1,581,49
3,227,49
5,227,49
7,274,49
9,394,49
11,139,49
13,377,49
15,274,49
17,530,49
19,617,49
21,581,49
23,262,49
25,438,49
27,262,49
29,139,49
31,530,49
33,394,49
35,139,49
37,617,49
39,262,49
41,530,49
43,139,49
45,139,49
47,377,49
49,262,49
51,139,49
53,581,49
55,530,49
57,139,49
1,105,50
3,630,50
5,195,50
7,105,50
9,195,50
11,105,50
13,105,50
15,105,50
17,398,50
19,195,50
21,105,50
23,398,50
25,486,50
27,398,50
1,173,51
3,31,51
5,441,51
7,14,51
9,51,51
11,51,51
13,74,51
15,441,51
17,441,51
19,51,51
21,342,51
23,32,51
25,403,51
27,342,51
29,434,51
31,51,51
33,219,51
35,150,51
36,14,51
37,403,51
41,14,51
43,178,51
45,32,51
47,31,51
49,434,51
51,256,51
53,14,51
57,330,51
59,74,51
61,74,51
63,32,51
65,31,51
67,32,51
69,178,51
71,32,51
73,39,51
75,14,51
77,150,51
79,31,51
81,261,51
83,403,51
85,14,51
87,14,51
89,421,51
91,441,51
93,39,51
95,39,51
97,14,51
99,219,51
101,14,51
103,330,51
105,256,51
107,74,51
109,31,51
111,403,51
113,31,51
115,39,51
117,403,51
119,39,51
121,32,51
125,31,51
127,14,51
131,173,51
133,330,51
135,403,51
137,31,51
139,454,51
141,421,51
143,248,51
145,14,51
147,434,51
149,14,51
153,74,51
155,32,51
157,74,51
159,330,51
161,32,51
163,441,51
165,454,51
167,342,51
169,167,51
171,178,51
173,167,51
175,39,51
177,219,51
179,219,51
181,39,51
183,14,51
185,342,51
187,178,51
191,167,51
193,330,51
195,256,51
197,342,51
199,39,51
510,74,51
515,51,51
520,167,51
530,441,51
540,31,51
550,39,51
560,441,51
570,14,51
580,441,51
590,248,51
595,261,51
600,74,51
610,74,51
620,39,51
630,219,51
640,150,51
650,39,51
660,454,51
670,14,51
678,441,51
680,51,51
683,74,51
685,74,51
690,421,51
700,39,51
710,39,51
720,256,51
730,14,51
735,39,51
740,39,51
750,32,51
760,14,51
770,32,51
775,32,51
790,441,51
800,39,51
810,39,51
820,441,51
830,39,51
840,178,51
1,489,53
3,46,53
5,18,53
7,48,53
9,596,53
11,129,53
13,18,53
15,354,53
17,48,53
19,340,53
21,18,53
23,46,53
25,489,53
27,354,53
29,171,53
31,596,53
33,171,53
35,596,53
37,640,53
39,362,53
41,412,53
43,340,53
45,412,53
47,340,53
49,354,53
51,498,53
53,171,53
55,700,53
57,171,53
59,129,53
61,171,53
63,340,53
65,340,53
67,412,53
69,354,53
71,18,53
73,171,53
75,477,53
77,640,53
1,436,54
3,418,54
5,59,54
7,367,54
9,213,54
11,116,54
13,59,54
15,59,54
17,136,54
19,359,54
21,367,54
23,152,54
25,359,54
27,178,54
29,213,54
31,152,54
33,136,54
35,59,54
37,418,54
39,59,54
41,367,54
43,59,54
45,302,54
47,342,54
49,136,54
51,222,54
53,442,54
55,342,54
57,152,54
59,302,54
61,136,54
63,359,54
65,418,54
67,367,54
69,222,54
71,454,54
73,81,54
75,436,54
77,136,54
79,59,54
81,359,54
83,436,54
85,81,54
87,59,54
89,359,54
91,136,54
93,436,54
95,222,54
97,367,54
99,116,54
101,367,54
103,222,54
105,81,54
107,81,54
109,359,54
1,223,55
3,279,55
5,517,55
7,279,55
9,100,55
11,204,55
13,567,55
15,233,55
17,204,55
19,366,55
21,223,55
23,470,55
25,223,55
27,70,55
29,100,55
31,179,55
33,204,55
35,204,55
37,111,55
39,233,55
41,263,55
43,470,55
45,545,55
47,233,55
49,223,55
51,130,55
53,204,55
55,70,55
57,223,55
59,58,55
61,100,55
63,186,55
65,545,55
67,263,55
69,366,55
71,586,55
73,366,55
75,111,55
77,223,55
78,100,55
79,70,55
81,186,55
83,100,55
85,263,55
87,233,55
89,70,55
91,204,55
93,47,55
95,567,55
97,366,55
99,279,55
101,58,55
103,470,55
105,545,55
107,517,55
109,47,55
111,223,55
113,517,55
115,100,55
117,586,55
119,366,55
121,204,55
123,186,55
125,263,55
127,58,55
129,517,55
131,70,55
133,70,55
135,233,55
137,233,55
139,233,55
141,366,55
1,676,56
3,525,56
5,445,56
7,663,56
9,465,56
11,445,56
13,669,56
15,651,56
17,618,56
19,611,56
21,625,56
23,234,56
25,465,56
27,666,56
29,525,56
31,651,56
33,611,56
35,234,56
37,394,56
39,234,56
41,394,56
43,618,56
45,445,56
