"state_fips","state_name","year","employment_march","establishments","payroll_quarter1"
1,"Alabama",2001,1620952,99261,10962678000
1,"Alabama",2002,1581117,99931,11054027000
1,"Alabama",2003,1597529,99838,11453340000
1,"Alabama",2004,1629141,100802,11846970000
1,"Alabama",2005,1667526,101976,12605884000
1,"Alabama",2006,1713399,103460,13615946000
1,"Alabama",2007,1722834,105627,14330458000
1,"Alabama",2008,1714692,103875,14976728000
1,"Alabama",2009,1612258,100805,14099300000
1,"Alabama",2010,1568111,99251,13560824000
1,"Alabama",2011,1570964,97743,14098523000
1,"Alabama",2012,1583720,97938,14918582000
1,"Alabama",2013,1600859,97578,15242703000
1,"Alabama",2014,1601958,97714,15620404000
1,"Alabama",2015,1634391,98540,16368510000
1,"Alabama",2016,1673249,99584,16667378000
1,"Alabama",2017,1690061,100419,17718753000
1,"Alabama",2018,1730817,100267,18914735000
1,"Alabama",2019,1758609,100731,19778897000
2,"Alaska",2001,214297,18589,1903256000
2,"Alaska",2002,213600,18856,1930387000
2,"Alaska",2003,216807,19176,1966782000
2,"Alaska",2004,223153,19387,2060720000
2,"Alaska",2005,231088,19808,2158269000
2,"Alaska",2006,241621,19892,2463914000
2,"Alaska",2007,239541,20198,2545101000
2,"Alaska",2008,246263,19934,2786956000
2,"Alaska",2009,247366,19901,2830768000
2,"Alaska",2010,252497,19985,2875847000
2,"Alaska",2011,252178,20119,3027359000
2,"Alaska",2012,255388,20427,3264538000
2,"Alaska",2013,260447,20519,3316628000
2,"Alaska",2014,260626,20752,3529328000
2,"Alaska",2015,267999,20907,3729290000
2,"Alaska",2016,266072,21077,3606464000
2,"Alaska",2017,262075,21279,3625044000
2,"Alaska",2018,261053,21293,3817383000
2,"Alaska",2019,264971,21399,3996413000
4,"Arizona",2001,1941599,116304,14905239000
4,"Arizona",2002,1945472,119740,14954591000
4,"Arizona",2003,1998795,121533,15570459000
4,"Arizona",2004,2044134,125693,16376001000
4,"Arizona",2005,2159823,131651,17919362000
4,"Arizona",2006,2328006,137845,20814507000
4,"Arizona",2007,2404089,142925,22623723000
4,"Arizona",2008,2334061,140081,22942809000
4,"Arizona",2009,2122265,134072,20898030000
4,"Arizona",2010,2065224,131849,20271447000
4,"Arizona",2011,2108561,130305,21155780000
4,"Arizona",2012,2134252,131375,22619423000
4,"Arizona",2013,2173205,132762,22950882000
4,"Arizona",2014,2241077,134434,24353113000
4,"Arizona",2015,2295186,136352,25576325000
4,"Arizona",2016,2379409,139134,26152901000
4,"Arizona",2017,2448538,143306,28876106000
4,"Arizona",2018,2549128,144867,31501921000
4,"Arizona",2019,2614641,147163,33194896000
5,"Arkansas",2001,995521,62725,6411694000
5,"Arkansas",2002,974969,63869,6298582000
5,"Arkansas",2003,988941,64285,6561147000
5,"Arkansas",2004,1007512,65291,6928038000
5,"Arkansas",2005,1017424,66039,7246364000
5,"Arkansas",2006,1041998,66795,7874489000
5,"Arkansas",2007,1031307,67648,8127308000
5,"Arkansas",2008,1026005,66668,8450243000
5,"Arkansas",2009,970748,65451,8578459000
5,"Arkansas",2010,965474,65158,8233644000
5,"Arkansas",2011,980644,64471,8865969000
5,"Arkansas",2012,978519,64815,8914483000
5,"Arkansas",2013,978094,64772,9491634000
5,"Arkansas",2014,992201,64670,9824487000
5,"Arkansas",2015,1003113,65175,10049218000
5,"Arkansas",2016,1023854,65611,10269466000
5,"Arkansas",2017,1030593,66786,10912677000
5,"Arkansas",2018,1043210,66975,11606374000
5,"Arkansas",2019,1053453,67243,12195519000
6,"California",2001,13239616,806733,133485023000
6,"California",2002,12856426,820997,126644413000
6,"California",2003,12991795,827472,126631860000
6,"California",2004,13264918,841774,133972173000
6,"California",2005,13382470,860866,139808314000
6,"California",2006,13834264,878128,157553086000
6,"California",2007,13771650,891997,162908968000
6,"California",2008,13742925,879025,167003051000
6,"California",2009,12833709,857831,154718746000
6,"California",2010,12536402,849875,152189340000
6,"California",2011,12698427,849316,162177934000
6,"California",2012,12952818,864913,173951309000
6,"California",2013,13401863,874243,182590027000
6,"California",2014,13838702,889646,198039069000
6,"California",2015,14325377,908120,210974323000
6,"California",2016,14600349,922477,215854809000
6,"California",2017,14896625,941377,236324133000
6,"California",2018,15223664,954632,255991839000
6,"California",2019,15516824,966224,269782330000
8,"Colorado",2001,1986570,139225,18166236000
8,"Colorado",2002,1912152,142247,16750183000
8,"Colorado",2003,1884500,143949,16686903000
8,"Colorado",2004,1908508,147314,17364613000
8,"Colorado",2005,1936264,151070,18163330000
8,"Colorado",2006,2019125,154536,20267364000
8,"Colorado",2007,2075429,157882,21821722000
8,"Colorado",2008,2121500,156684,23222327000
8,"Colorado",2009,2005578,152997,22447649000
8,"Colorado",2010,1954933,151973,21673680000
8,"Colorado",2011,1971903,150889,22787983000
8,"Colorado",2012,2035595,153112,24451345000
8,"Colorado",2013,2090549,154875,25526745000
8,"Colorado",2014,2181455,158064,28254100000
8,"Colorado",2015,2253795,161737,29220568000
8,"Colorado",2016,2318190,165264,29554700000
8,"Colorado",2017,2371694,169842,31863201000
8,"Colorado",2018,2423817,172548,33825521000
8,"Colorado",2019,2473192,174258,36178163000
9,"Connecticut",2001,1555214,92105,18122546000
9,"Connecticut",2002,1555595,92375,17959681000
9,"Connecticut",2003,1550867,91611,18083478000
9,"Connecticut",2004,1537461,93011,19106250000
9,"Connecticut",2005,1529827,93561,19477072000
9,"Connecticut",2006,1585843,93421,21623606000
9,"Connecticut",2007,1539268,93615,22220377000
9,"Connecticut",2008,1551305,92597,22898040000
9,"Connecticut",2009,1468291,90048,20656584000
9,"Connecticut",2010,1436992,89234,20664350000
9,"Connecticut",2011,1442620,88040,21824257000
9,"Connecticut",2012,1463732,88210,22885659000
9,"Connecticut",2013,1473605,88498,22608785000
9,"Connecticut",2014,1485426,88555,23651720000
9,"Connecticut",2015,1503102,89232,25342827000
9,"Connecticut",2016,1533879,89416,25760318000
9,"Connecticut",2017,1536858,89574,25717941000
9,"Connecticut",2018,1528867,89054,26311251000
9,"Connecticut",2019,1538341,88916,27421615000
10,"Delaware",2001,389376,24074,3863002000
10,"Delaware",2002,389304,24377,3872608000
10,"Delaware",2003,385129,24803,3903589000
10,"Delaware",2004,391682,25391,4170354000
10,"Delaware",2005,392840,25319,4326263000
10,"Delaware",2006,388250,25613,4540548000
10,"Delaware",2007,396317,25521,5055569000
10,"Delaware",2008,389510,25174,4662623000
10,"Delaware",2009,370846,24523,4351759000
10,"Delaware",2010,359007,24290,4364454000
10,"Delaware",2011,359602,24132,4476383000
10,"Delaware",2012,363688,23861,4856834000
10,"Delaware",2013,382128,24151,5076347000
10,"Delaware",2014,391636,24312,5483415000
10,"Delaware",2015,397385,24852,5554004000
10,"Delaware",2016,400069,25366,5405893000
10,"Delaware",2017,400714,25452,5706420000
10,"Delaware",2018,405809,25771,6156711000
10,"Delaware",2019,413410,26142,6361498000
11,"District of Columbia",2001,422549,19686,5209004000
11,"District of Columbia",2002,418755,19930,5325717000
11,"District of Columbia",2003,422918,19372,5581551000
11,"District of Columbia",2004,436865,19518,6055474000
11,"District of Columbia",2005,439610,20481,6208079000
11,"District of Columbia",2006,446576,21002,6911903000
11,"District of Columbia",2007,454554,20994,7242595000
11,"District of Columbia",2008,466050,21081,7726523000
11,"District of Columbia",2009,466550,21210,7580965000
11,"District of Columbia",2010,463076,21502,7620354000
11,"District of Columbia",2011,477623,21545,8131549000
11,"District of Columbia",2012,482838,21592,8565117000
11,"District of Columbia",2013,491130,21919,8852649000
11,"District of Columbia",2014,495453,22210,9437330000
11,"District of Columbia",2015,513002,22553,9663468000
11,"District of Columbia",2016,526879,23177,9942782000
11,"District of Columbia",2017,527004,23585,10486014000
11,"District of Columbia",2018,539557,23751,11228848000
11,"District of Columbia",2019,528826,23993,11566568000
12,"Florida",2001,6431696,434583,46591451000
12,"Florida",2002,6366964,450188,47110221000
12,"Florida",2003,6549488,460746,49140039000
12,"Florida",2004,6864987,484938,52410680000
12,"Florida",2005,7107378,504662,56340522000
12,"Florida",2006,7535515,517069,64071534000
12,"Florida",2007,7425331,523461,66426717000
12,"Florida",2008,7366571,507027,67913734000
12,"Florida",2009,6861612,491249,63296869000
12,"Florida",2010,6626558,491150,60286471000
12,"Florida",2011,6732639,490851,64161452000
12,"Florida",2012,6932382,502414,69153793000
12,"Florida",2013,7134644,510389,72330040000
12,"Florida",2014,7441584,519875,77959354000
12,"Florida",2015,7777990,532830,82883194000
12,"Florida",2016,8169642,546218,88200881000
12,"Florida",2017,8385577,557308,95244497000
12,"Florida",2018,8669611,566894,102328551000
12,"Florida",2019,8860042,574512,107880404000
13,"Georgia",2001,3498583,202505,29010178000
13,"Georgia",2002,3381244,206323,28355366000
13,"Georgia",2003,3387337,209137,28965975000
13,"Georgia",2004,3452451,214714,29780415000
13,"Georgia",2005,3489046,220528,31039837000
13,"Georgia",2006,3623210,225996,34367165000
13,"Georgia",2007,3647594,231810,35824915000
13,"Georgia",2008,3632646,227593,36835284000
13,"Georgia",2009,3409681,219348,34777518000
13,"Georgia",2010,3314510,217099,33502465000
13,"Georgia",2011,3326616,214635,35448162000
13,"Georgia",2012,3388665,216308,38325069000
13,"Georgia",2013,3457552,217559,39525712000
13,"Georgia",2014,3548610,220605,41891902000
13,"Georgia",2015,3692490,224593,44664281000
13,"Georgia",2016,3804433,228330,46396417000
13,"Georgia",2017,3888928,233500,50074663000
13,"Georgia",2018,3975657,235847,52872406000
13,"Georgia",2019,4040559,239034,55431038000
15,"Hawaii",2001,441856,30175,3136371000
15,"Hawaii",2002,416863,30633,3097680000
15,"Hawaii",2003,434468,31061,3267576000
15,"Hawaii",2004,473500,31605,3552027000
15,"Hawaii",2005,490682,32244,3784859000
15,"Hawaii",2006,512543,33118,4225680000
15,"Hawaii",2007,507488,33388,4420829000
15,"Hawaii",2008,504362,32904,4563383000
15,"Hawaii",2009,473240,32372,4303287000
15,"Hawaii",2010,465957,31939,4063094000
15,"Hawaii",2011,470857,31472,4410075000
15,"Hawaii",2012,476341,31496,4511022000
15,"Hawaii",2013,484126,31622,4719582000
15,"Hawaii",2014,495618,31801,4911518000
15,"Hawaii",2015,523669,31915,5326913000
15,"Hawaii",2016,528393,32350,5471800000
15,"Hawaii",2017,544019,32798,6002178000
15,"Hawaii",2018,551644,32950,6291741000
15,"Hawaii",2019,553174,32888,6430821000
16,"Idaho",2001,467316,37622,2949540000
16,"Idaho",2002,453552,38842,2982396000
16,"Idaho",2003,466507,39839,3081489000
16,"Idaho",2004,488676,41336,3256909000
16,"Idaho",2005,519319,43346,3542038000
16,"Idaho",2006,545277,45739,4025452000
16,"Idaho",2007,544166,47411,4199049000
16,"Idaho",2008,537952,46246,4320033000
16,"Idaho",2009,500226,44300,3901190000
16,"Idaho",2010,487875,43450,3720414000
16,"Idaho",2011,482722,42399,3944901000
16,"Idaho",2012,492861,42899,4153864000
16,"Idaho",2013,508877,43124,4344967000
16,"Idaho",2014,529571,43816,4736617000
16,"Idaho",2015,546524,44757,5002709000
16,"Idaho",2016,562282,45826,5118220000
16,"Idaho",2017,578134,47574,5532327000
16,"Idaho",2018,597765,49267,6017662000
16,"Idaho",2019,616778,50547,6387517000
17,"Illinois",2001,5447349,307356,51919446000
17,"Illinois",2002,5224293,309980,49246413000
17,"Illinois",2003,5205457,311714,49744783000
17,"Illinois",2004,5217160,315854,50864719000
17,"Illinois",2005,5235866,318927,53297340000
17,"Illinois",2006,5357466,321356,58405833000
17,"Illinois",2007,5393626,325206,61805360000
17,"Illinois",2008,5459062,321942,64856665000
17,"Illinois",2009,5118496,314977,59519711000
17,"Illinois",2010,4975490,314171,56741719000
17,"Illinois",2011,5032542,312437,61234834000
17,"Illinois",2012,5119826,314199,65152298000
17,"Illinois",2013,5209070,315364,67142594000
17,"Illinois",2014,5312290,316120,70784401000
17,"Illinois",2015,5427549,318266,74753757000
17,"Illinois",2016,5513071,319605,75794429000
17,"Illinois",2017,5497629,321135,79083470000
17,"Illinois",2018,5524630,320965,82513962000
17,"Illinois",2019,5530388,320417,85757135000
18,"Indiana",2001,2601738,145580,19836426000
18,"Indiana",2002,2517180,147304,19314749000
18,"Indiana",2003,2540839,147547,19650768000
18,"Indiana",2004,2586799,149381,20303318000
18,"Indiana",2005,2610899,149871,21011883000
18,"Indiana",2006,2673010,151283,22902608000
18,"Indiana",2007,2648219,152858,23495430000
18,"Indiana",2008,2619140,150101,24034114000
18,"Indiana",2009,2449980,146017,22032355000
18,"Indiana",2010,2400382,145019,21551977000
18,"Indiana",2011,2440507,143479,22941211000
18,"Indiana",2012,2512908,143974,24727320000
18,"Indiana",2013,2555979,143515,25812186000
18,"Indiana",2014,2602895,143826,26959710000
18,"Indiana",2015,2660503,145116,28131240000
18,"Indiana",2016,2720277,146078,28689712000
18,"Indiana",2017,2779124,148377,30967787000
18,"Indiana",2018,2816081,148304,32668403000
18,"Indiana",2019,2834056,148917,33747801000
19,"Iowa",2001,1255162,80392,8385041000
19,"Iowa",2002,1229609,81042,8409347000
19,"Iowa",2003,1232865,81078,8740227000
19,"Iowa",2004,1241864,81565,9032852000
19,"Iowa",2005,1261108,82087,9346953000
19,"Iowa",2006,1295258,82698,10261027000
19,"Iowa",2007,1303436,83158,10597123000
19,"Iowa",2008,1317121,82353,11197364000
19,"Iowa",2009,1274088,80971,10838006000
19,"Iowa",2010,1253095,80801,10578124000
19,"Iowa",2011,1246897,80113,11112432000
19,"Iowa",2012,1278122,80649,11977001000
19,"Iowa",2013,1287666,80581,12349475000
19,"Iowa",2014,1299301,80466,12831591000
19,"Iowa",2015,1338418,80952,13493110000
19,"Iowa",2016,1354487,81563,13764912000
19,"Iowa",2017,1353681,82685,14648862000
19,"Iowa",2018,1364250,82894,15259608000
19,"Iowa",2019,1380747,82770,15818215000
20,"Kansas",2001,1118898,74565,8164671000
20,"Kansas",2002,1098894,75077,8111731000
20,"Kansas",2003,1109869,74972,8351557000
20,"Kansas",2004,1116277,75827,8678095000
20,"Kansas",2005,1116216,76173,8723328000
20,"Kansas",2006,1142680,76446,9720014000
20,"Kansas",2007,1167381,77157,10314136000
20,"Kansas",2008,1181102,76096,10966418000
20,"Kansas",2009,1141105,74698,10475256000
20,"Kansas",2010,1123701,74301,10060602000
20,"Kansas",2011,1108579,73598,10421799000
20,"Kansas",2012,1130579,73944,11250443000
20,"Kansas",2013,1146689,73816,11696748000
20,"Kansas",2014,1174083,74055,12319228000
20,"Kansas",2015,1189876,74526,12753985000
20,"Kansas",2016,1184710,74884,12464409000
20,"Kansas",2017,1199162,74947,13257057000
20,"Kansas",2018,1203434,74559,13856299000
20,"Kansas",2019,1209318,74292,14420048000
21,"Kentucky",2001,1497466,89501,10303011000
21,"Kentucky",2002,1462517,90493,10266707000
21,"Kentucky",2003,1471878,90651,10543433000
21,"Kentucky",2004,1489497,91797,10992375000
21,"Kentucky",2005,1514199,92176,11281096000
21,"Kentucky",2006,1552012,92829,12212856000
21,"Kentucky",2007,1549778,93539,12795633000
21,"Kentucky",2008,1570431,92587,13323595000
21,"Kentucky",2009,1486545,90661,12610622000
21,"Kentucky",2010,1456790,90771,12305990000
21,"Kentucky",2011,1462478,89770,12975467000
21,"Kentucky",2012,1481323,89795,13922191000
21,"Kentucky",2013,1507375,90675,14360278000
21,"Kentucky",2014,1535417,91418,14841603000
21,"Kentucky",2015,1579477,91845,15543721000
21,"Kentucky",2016,1603173,92000,15698581000
21,"Kentucky",2017,1625006,91241,16982349000
21,"Kentucky",2018,1642234,91079,17860861000
21,"Kentucky",2019,1666637,91219,18749212000
22,"Louisiana",2001,1599482,100780,11016809000
22,"Louisiana",2002,1583308,101885,11153543000
22,"Louisiana",2003,1603922,102245,11434920000
22,"Louisiana",2004,1623680,103067,11927837000
22,"Louisiana",2005,1617507,102790,12238883000
22,"Louisiana",2006,1593033,101802,13213525000
22,"Louisiana",2007,1646151,104622,14366813000
22,"Louisiana",2008,1655151,104007,15282887000
22,"Louisiana",2009,1639104,103384,15286073000
22,"Louisiana",2010,1599551,103365,14734013000
22,"Louisiana",2011,1617229,103216,15926223000
22,"Louisiana",2012,1644282,104059,17005524000
22,"Louisiana",2013,1687956,104375,17720459000
22,"Louisiana",2014,1717797,104976,18805858000
22,"Louisiana",2015,1724973,105575,19082334000
22,"Louisiana",2016,1709226,105732,18479594000
22,"Louisiana",2017,1688674,106599,18843533000
22,"Louisiana",2018,1691552,106359,19490581000
22,"Louisiana",2019,1719561,106302,20493711000
23,"Maine",2001,500030,39650,3421042000
23,"Maine",2002,486766,40292,3427587000
23,"Maine",2003,488973,40701,3510360000
23,"Maine",2004,494256,41269,3629580000
23,"Maine",2005,497387,41933,3720969000
23,"Maine",2006,508163,42038,3995105000
23,"Maine",2007,503789,42506,4084714000
23,"Maine",2008,509093,41755,4277432000
23,"Maine",2009,488932,40616,4077358000
23,"Maine",2010,480932,40571,4004337000
23,"Maine",2011,479728,40112,4210991000
23,"Maine",2012,486838,40120,4475461000
23,"Maine",2013,487313,40257,4554582000
23,"Maine",2014,492690,40369,4700214000
23,"Maine",2015,500549,40801,4791476000
23,"Maine",2016,511936,41178,4979953000
23,"Maine",2017,513745,41622,5391399000
23,"Maine",2018,516240,41727,5669401000
23,"Maine",2019,522191,41843,5941963000
24,"Maryland",2001,2091198,129301,18205154000
24,"Maryland",2002,2062515,131815,18231798000
24,"Maryland",2003,2088841,133304,18974023000
24,"Maryland",2004,2151474,136062,20367024000
24,"Maryland",2005,2167999,138481,21084042000
24,"Maryland",2006,2232215,140292,23167083000
24,"Maryland",2007,2239181,141332,24581784000
24,"Maryland",2008,2232490,138607,25049109000
24,"Maryland",2009,2122388,135633,23807932000
24,"Maryland",2010,2075507,134579,23134515000
24,"Maryland",2011,2104022,133248,24513149000
24,"Maryland",2012,2152458,134305,26295365000
24,"Maryland",2013,2182260,135421,27206463000
24,"Maryland",2014,2216867,136501,28591114000
24,"Maryland",2015,2239817,137204,29223100000
24,"Maryland",2016,2282725,138480,29655292000
24,"Maryland",2017,2335479,139446,31612029000
24,"Maryland",2018,2366053,139497,33046644000
24,"Maryland",2019,2380865,139449,34257185000
25,"Massachusetts",2001,3129980,177434,34627685000
25,"Massachusetts",2002,3009459,175991,31970722000
25,"Massachusetts",2003,2974779,178675,31323778000
25,"Massachusetts",2004,2979690,175933,33520224000
25,"Massachusetts",2005,2996347,175291,34246030000
25,"Massachusetts",2006,3044080,175463,37186738000
25,"Massachusetts",2007,3073941,176701,39987951000
25,"Massachusetts",2008,3074569,174290,41953639000
25,"Massachusetts",2009,2967877,170473,39062923000
25,"Massachusetts",2010,2928545,169790,38121958000
25,"Massachusetts",2011,2960712,169146,40780717000
25,"Massachusetts",2012,3043759,171279,44185406000
25,"Massachusetts",2013,3070703,172534,45074567000
25,"Massachusetts",2014,3087030,173575,47623534000
25,"Massachusetts",2015,3167329,175225,50443461000
25,"Massachusetts",2016,3254781,177631,51196880000
25,"Massachusetts",2017,3316716,179828,55645530000
25,"Massachusetts",2018,3323852,180307,59943858000
25,"Massachusetts",2019,3386372,181061,63372236000
26,"Michigan",2001,4008572,236711,35338301000
26,"Michigan",2002,3889825,237616,34632440000
26,"Michigan",2003,3885221,237122,35144668000
26,"Michigan",2004,3895914,237984,35430684000
26,"Michigan",2005,3796876,237523,35580105000
26,"Michigan",2006,3819537,235750,37399189000
26,"Michigan",2007,3687441,235422,37188659000
26,"Michigan",2008,3636241,229310,36638663000
26,"Michigan",2009,3383615,221682,33384146000
26,"Michigan",2010,3288456,219119,32092708000
26,"Michigan",2011,3379035,217344,34213448000
26,"Michigan",2012,3468089,217440,36623978000
26,"Michigan",2013,3535685,217494,38108123000
26,"Michigan",2014,3610530,218281,40611080000
26,"Michigan",2015,3725280,219627,42683697000
26,"Michigan",2016,3805578,220412,44782047000
26,"Michigan",2017,3859949,222553,46199596000
26,"Michigan",2018,3947891,222656,50290465000
26,"Michigan",2019,3978872,222226,51138508000
27,"Minnesota",2001,2418159,140968,20950299000
27,"Minnesota",2002,2359593,143953,20736541000
27,"Minnesota",2003,2382177,145861,21367691000
27,"Minnesota",2004,2393126,148626,22405276000
27,"Minnesota",2005,2430853,150231,23147792000
27,"Minnesota",2006,2476354,151150,25018588000
27,"Minnesota",2007,2520476,151526,26593778000
27,"Minnesota",2008,2511102,148845,27653607000
27,"Minnesota",2009,2417174,146453,25507299000
27,"Minnesota",2010,2357971,145464,25213241000
27,"Minnesota",2011,2393746,144606,27042321000
27,"Minnesota",2012,2480643,145776,28926999000
27,"Minnesota",2013,2518268,146354,30299490000
27,"Minnesota",2014,2566086,147483,31662865000
27,"Minnesota",2015,2612314,148666,33372240000
27,"Minnesota",2016,2661627,150115,34033617000
27,"Minnesota",2017,2685047,151816,36367221000
27,"Minnesota",2018,2729492,151595,38353420000
27,"Minnesota",2019,2729420,151495,39371280000
28,"Mississippi",2001,926868,59056,5561889000
28,"Mississippi",2002,904252,59902,5524450000
28,"Mississippi",2003,912157,59827,5727527000
28,"Mississippi",2004,928313,60534,5975447000
28,"Mississippi",2005,926952,60542,6149273000
28,"Mississippi",2006,940609,60590,6673253000
28,"Mississippi",2007,941328,61874,6960060000
28,"Mississippi",2008,944747,60918,7166055000
28,"Mississippi",2009,904037,59607,6979920000
28,"Mississippi",2010,880299,59300,6721737000
28,"Mississippi",2011,885059,58592,7039907000
28,"Mississippi",2012,895804,58644,7410339000
28,"Mississippi",2013,900851,58435,7626333000
28,"Mississippi",2014,912014,58541,7946634000
28,"Mississippi",2015,926391,58662,8204872000
28,"Mississippi",2016,939322,58850,8315183000
28,"Mississippi",2017,939485,59294,8736923000
28,"Mississippi",2018,944890,59271,9100016000
28,"Mississippi",2019,958126,59130,9412070000
29,"Missouri",2001,2404489,144071,18514268000
29,"Missouri",2002,2350447,147977,18245507000
29,"Missouri",2003,2387761,150415,18468771000
29,"Missouri",2004,2421450,153985,19114356000
29,"Missouri",2005,2425403,154306,19696351000
29,"Missouri",2006,2468035,154546,21743143000
29,"Missouri",2007,2457827,154483,22469771000
29,"Missouri",2008,2472902,152440,23132224000
29,"Missouri",2009,2358706,150892,22226744000
29,"Missouri",2010,2292551,149903,21436091000
29,"Missouri",2011,2298295,147274,22439038000
29,"Missouri",2012,2320239,146604,23661287000
29,"Missouri",2013,2355336,150290,24524854000
29,"Missouri",2014,2404701,153945,25826205000
29,"Missouri",2015,2442316,158191,27101989000
29,"Missouri",2016,2494720,160912,27324843000
29,"Missouri",2017,2517204,150882,29452907000
29,"Missouri",2018,2533694,153710,30448142000
29,"Missouri",2019,2547310,151816,31575727000
30,"Montana",2001,301460,32294,1681916000
30,"Montana",2002,300636,32972,1715144000
30,"Montana",2003,302967,33831,1780391000
30,"Montana",2004,314865,34686,1888280000
30,"Montana",2005,326764,35736,2023486000
30,"Montana",2006,342404,36649,2290484000
30,"Montana",2007,347611,37755,2479109000
30,"Montana",2008,353467,37318,2656989000
30,"Montana",2009,334709,36326,2543683000
30,"Montana",2010,332202,36011,2423150000
30,"Montana",2011,328865,35687,2494213000
30,"Montana",2012,336102,36241,2683298000
30,"Montana",2013,342592,36529,2806435000
30,"Montana",2014,351742,36791,3046953000
30,"Montana",2015,375041,37270,3335390000
30,"Montana",2016,378463,37626,3383338000
30,"Montana",2017,376565,38192,3546118000
30,"Montana",2018,371239,38720,3595180000
30,"Montana",2019,375176,38959,3811836000
31,"Nebraska",2001,746168,49710,5092387000
31,"Nebraska",2002,749098,50259,5225381000
31,"Nebraska",2003,760605,50394,5466504000
31,"Nebraska",2004,774311,50928,5596544000
31,"Nebraska",2005,773002,51440,5655452000
31,"Nebraska",2006,789147,51906,6267023000
31,"Nebraska",2007,792957,52517,6489866000
31,"Nebraska",2008,804626,52152,6844600000
31,"Nebraska",2009,777774,51633,6757636000
31,"Nebraska",2010,767935,51886,6654467000
31,"Nebraska",2011,752500,51553,6816377000
31,"Nebraska",2012,766713,52294,7336099000
31,"Nebraska",2013,767801,52585,7622793000
31,"Nebraska",2014,772481,52991,7877345000
31,"Nebraska",2015,870279,53719,8918066000
31,"Nebraska",2016,884450,54265,8970109000
31,"Nebraska",2017,833472,54954,9020018000
31,"Nebraska",2018,845616,54875,9400242000
31,"Nebraska",2019,856242,54939,9684875000
32,"Nevada",2001,916981,48863,6702547000
32,"Nevada",2002,936225,51383,7084389000
32,"Nevada",2003,970504,53335,7427043000
32,"Nevada",2004,1022011,55853,8125003000
32,"Nevada",2005,1088959,58561,9103427000
32,"Nevada",2006,1164654,61164,10088785000
32,"Nevada",2007,1193702,62839,10903732000
32,"Nevada",2008,1154821,61826,11074846000
32,"Nevada",2009,1041499,59785,9830881000
32,"Nevada",2010,1001786,59207,8962495000
32,"Nevada",2011,999754,58777,9203365000
32,"Nevada",2012,1014096,59417,9878507000
32,"Nevada",2013,1047444,60306,10118010000
32,"Nevada",2014,1089837,61625,10773447000
32,"Nevada",2015,1129965,63383,11306176000
32,"Nevada",2016,1163734,64815,11632692000
32,"Nevada",2017,1190066,66430,12471945000
32,"Nevada",2018,1221809,67845,13587928000
32,"Nevada",2019,1261577,68567,14407609000
33,"New Hampshire",2001,536474,37312,4438502000
33,"New Hampshire",2002,530200,37928,4367320000
33,"New Hampshire",2003,519913,38294,4321697000
33,"New Hampshire",2004,551001,38843,4672581000
33,"New Hampshire",2005,562398,39224,4881132000
33,"New Hampshire",2006,577415,39376,5236145000
33,"New Hampshire",2007,573209,39453,5412193000
33,"New Hampshire",2008,576565,38906,5961225000
33,"New Hampshire",2009,544267,37873,5481593000
33,"New Hampshire",2010,536823,37452,5395716000
33,"New Hampshire",2011,554001,37031,5726814000
33,"New Hampshire",2012,548985,37213,5785353000
33,"New Hampshire",2013,551793,37185,5985197000
33,"New Hampshire",2014,563323,37396,6491944000
33,"New Hampshire",2015,576424,37669,6590528000
33,"New Hampshire",2016,594243,37868,6931211000
33,"New Hampshire",2017,603923,38371,7517430000
33,"New Hampshire",2018,612420,38375,7856226000
33,"New Hampshire",2019,620164,38494,8287006000
34,"New Jersey",2001,3622788,234558,39404730000
34,"New Jersey",2002,3596919,237505,39246342000
34,"New Jersey",2003,3579076,237842,38736433000
34,"New Jersey",2004,3609640,240539,39954175000
34,"New Jersey",2005,3594862,242128,41539404000
34,"New Jersey",2006,3645381,243055,44954147000
34,"New Jersey",2007,3661679,243350,47849725000
34,"New Jersey",2008,3640654,238440,48999482000
34,"New Jersey",2009,3443211,231186,45951829000
34,"New Jersey",2010,3367169,228937,45257423000
34,"New Jersey",2011,3377848,226878,46939253000
34,"New Jersey",2012,3440470,228289,49223135000
34,"New Jersey",2013,3492216,230281,50739171000
34,"New Jersey",2014,3526716,230600,53136187000
34,"New Jersey",2015,3558619,230961,54268636000
34,"New Jersey",2016,3636293,231974,55177550000
34,"New Jersey",2017,3679443,233907,57776385000
34,"New Jersey",2018,3739076,233806,61122801000
34,"New Jersey",2019,3805357,233888,63479736000
35,"New Mexico",2001,553357,42686,3572018000
35,"New Mexico",2002,554156,43213,3617324000
35,"New Mexico",2003,571381,43568,3771633000
35,"New Mexico",2004,580576,44205,3961444000
35,"New Mexico",2005,595249,45006,4212366000
35,"New Mexico",2006,628681,45940,4750355000
35,"New Mexico",2007,627634,46869,4897566000
35,"New Mexico",2008,627147,46200,5174520000
35,"New Mexico",2009,600674,44986,4999721000
35,"New Mexico",2010,585555,44221,4783024000
35,"New Mexico",2011,583338,43860,4986341000
35,"New Mexico",2012,580732,43882,5124219000
35,"New Mexico",2013,584793,43736,5400599000
35,"New Mexico",2014,589847,43748,5459166000
35,"New Mexico",2015,626284,43793,6124632000
35,"New Mexico",2016,628723,43771,6065630000
35,"New Mexico",2017,626466,44039,6338295000
35,"New Mexico",2018,631393,43830,6616486000
35,"New Mexico",2019,644537,43804,6955181000
36,"New York",2001,7428349,493863,101066886000
36,"New York",2002,7234915,498921,94450915000
36,"New York",2003,7416680,502948,90847279000
36,"New York",2004,7433686,511440,98725995000
36,"New York",2005,7417463,514265,104532239000
36,"New York",2006,7532764,515950,116101215000
36,"New York",2007,7529882,519489,130022450000
36,"New York",2008,7617164,518632,134384321000
36,"New York",2009,7332392,515819,110883554000
36,"New York",2010,7266189,519504,115777801000
36,"New York",2011,7369731,521537,124549684000
36,"New York",2012,7556521,527001,126910969000
36,"New York",2013,7688492,532669,127038113000
36,"New York",2014,7858425,536890,139741188000
36,"New York",2015,7998994,540298,143763320000
36,"New York",2016,8178455,544073,144956739000
36,"New York",2017,8261269,547034,153486263000
36,"New York",2018,8410206,547194,162409905000
36,"New York",2019,8597216,547351,170486524000
37,"North Carolina",2001,3431554,204075,26088304000
37,"North Carolina",2002,3322004,207562,25506330000
37,"North Carolina",2003,3338231,208387,26090114000
37,"North Carolina",2004,3365633,213057,26810217000
37,"North Carolina",2005,3409968,216994,28144846000
37,"North Carolina",2006,3524814,222431,31186793000
37,"North Carolina",2007,3586552,227906,33571996000
37,"North Carolina",2008,3585123,225158,34109835000
37,"North Carolina",2009,3353931,218987,31189161000
37,"North Carolina",2010,3234595,218104,30469585000
37,"North Carolina",2011,3284592,215113,32690482000
37,"North Carolina",2012,3352151,217404,35120853000
37,"North Carolina",2013,3421195,218285,36627214000
37,"North Carolina",2014,3560448,219897,40008913000
37,"North Carolina",2015,3670284,223209,41864594000
37,"North Carolina",2016,3794926,227347,42960010000
37,"North Carolina",2017,3774377,233363,45073103000
37,"North Carolina",2018,3848565,234948,47489262000
37,"North Carolina",2019,3932620,238015,50434774000
38,"North Dakota",2001,257335,20206,1523220000
38,"North Dakota",2002,253980,20422,1544005000
38,"North Dakota",2003,258940,20459,1618262000
38,"North Dakota",2004,265663,20822,1696173000
38,"North Dakota",2005,270262,21061,1769569000
38,"North Dakota",2006,277719,21332,1964105000
38,"North Dakota",2007,288881,21518,2062688000
38,"North Dakota",2008,296032,21558,2271473000
38,"North Dakota",2009,291468,21445,2296408000
38,"North Dakota",2010,289436,21832,2314674000
38,"North Dakota",2011,301543,22370,2697545000
38,"North Dakota",2012,325663,23551,3313028000
38,"North Dakota",2013,338298,24088,3547994000
38,"North Dakota",2014,360970,24698,3983151000
38,"North Dakota",2015,365893,24848,4324192000
38,"North Dakota",2016,346947,24601,3850947000
38,"North Dakota",2017,340521,24596,3914277000
38,"North Dakota",2018,346155,24566,4198199000
38,"North Dakota",2019,353333,24654,4470190000
39,"Ohio",2001,4932943,269944,38972845000
39,"Ohio",2002,4743151,271181,37610187000
39,"Ohio",2003,4770283,270255,38382213000
39,"Ohio",2004,4762205,271733,39005986000
39,"Ohio",2005,4762618,270968,40201235000
39,"Ohio",2006,4825510,269914,43686840000
39,"Ohio",2007,4782141,270299,45271998000
39,"Ohio",2008,4728416,263761,45716342000
39,"Ohio",2009,4460553,256551,42738701000
39,"Ohio",2010,4352481,253491,41294098000
39,"Ohio",2011,4432849,250476,43827429000
39,"Ohio",2012,4548143,250842,47155902000
39,"Ohio",2013,4587136,250117,48578209000
39,"Ohio",2014,4636844,250535,50726337000
39,"Ohio",2015,4719985,251668,52632423000
39,"Ohio",2016,4790178,252201,53695191000
39,"Ohio",2017,4815946,253001,56303529000
39,"Ohio",2018,4878062,251937,59680589000
39,"Ohio",2019,4916956,250981,61905108000
40,"Oklahoma",2001,1212230,85276,8276440000
40,"Oklahoma",2002,1200477,86029,8388580000
40,"Oklahoma",2003,1184589,86014,8091631000
40,"Oklahoma",2004,1195043,87440,8529372000
40,"Oklahoma",2005,1220285,88548,8864826000
40,"Oklahoma",2006,1276921,89628,10251821000
40,"Oklahoma",2007,1307858,91235,10873053000
40,"Oklahoma",2008,1335622,91382,11721198000
40,"Oklahoma",2009,1290278,90347,11307105000
40,"Oklahoma",2010,1241168,90050,10797665000
40,"Oklahoma",2011,1261590,89749,11737225000
40,"Oklahoma",2012,1305183,90954,13215760000
40,"Oklahoma",2013,1325927,91717,13539326000
40,"Oklahoma",2014,1359851,92430,14407261000
40,"Oklahoma",2015,1370988,93093,14994856000
40,"Oklahoma",2016,1360379,93232,14238782000
40,"Oklahoma",2017,1360720,93674,14937568000
40,"Oklahoma",2018,1385228,93561,15848587000
40,"Oklahoma",2019,1404725,93761,16856087000
41,"Oregon",2001,1364924,101003,10897992000
41,"Oregon",2002,1329235,101933,10566084000
41,"Oregon",2003,1338825,103064,10640471000
41,"Oregon",2004,1355542,105449,10956950000
41,"Oregon",2005,1409576,108571,11806742000
41,"Oregon",2006,1461664,110684,13012456000
41,"Oregon",2007,1476708,113389,13554883000
41,"Oregon",2008,1482268,111550,14067952000
41,"Oregon",2009,1363826,108040,13191728000
41,"Oregon",2010,1351164,107397,12881616000
41,"Oregon",2011,1341841,106340,13483071000
41,"Oregon",2012,1363523,107549,14454207000
41,"Oregon",2013,1396563,108527,14773648000
41,"Oregon",2014,1444041,109875,15652982000
41,"Oregon",2015,1498727,112393,16888402000
41,"Oregon",2016,1551192,114551,17670251000
41,"Oregon",2017,1596637,117357,19258859000
41,"Oregon",2018,1629432,118586,20621666000
41,"Oregon",2019,1643425,119074,21483789000
42,"Pennsylvania",2001,5123111,295096,42599480000
42,"Pennsylvania",2002,5046442,297257,42033333000
42,"Pennsylvania",2003,5029324,298081,42852594000
42,"Pennsylvania",2004,5107044,301557,44115618000
42,"Pennsylvania",2005,5082630,303333,45841397000
42,"Pennsylvania",2006,5189949,304058,49891166000
42,"Pennsylvania",2007,5195818,305345,52015971000
42,"Pennsylvania",2008,5231026,303115,54262421000
42,"Pennsylvania",2009,5044648,298432,52576217000
42,"Pennsylvania",2010,4976193,297023,50851969000
42,"Pennsylvania",2011,5078111,295720,54149456000
42,"Pennsylvania",2012,5169196,296872,58373641000
42,"Pennsylvania",2013,5175784,297692,59664316000
42,"Pennsylvania",2014,5250000,298297,62353420000
42,"Pennsylvania",2015,5306896,299695,64950058000
42,"Pennsylvania",2016,5354964,301484,64796901000
42,"Pennsylvania",2017,5433660,302772,68894298000
42,"Pennsylvania",2018,5478025,303492,72282579000
42,"Pennsylvania",2019,5557885,303224,75816031000
44,"Rhode Island",2001,398652,28539,3148622000
44,"Rhode Island",2002,400492,28860,3216859000
44,"Rhode Island",2003,427455,29333,3592986000
44,"Rhode Island",2004,434706,30011,3612066000
44,"Rhode Island",2005,442291,30331,3787165000
44,"Rhode Island",2006,440797,30398,4179423000
44,"Rhode Island",2007,441353,30359,4293232000
44,"Rhode Island",2008,433562,29759,4427890000
44,"Rhode Island",2009,413584,28682,4114180000
44,"Rhode Island",2010,399000,28521,3995390000
44,"Rhode Island",2011,406222,28181,4159093000
44,"Rhode Island",2012,402977,28034,4346673000
44,"Rhode Island",2013,408489,28026,4455835000
44,"Rhode Island",2014,421578,28132,4938604000
44,"Rhode Island",2015,425748,28387,4860175000
44,"Rhode Island",2016,435148,28685,4894286000
44,"Rhode Island",2017,435978,28783,5371473000
44,"Rhode Island",2018,442449,28748,5794700000
44,"Rhode Island",2019,444948,28801,5817379000
45,"South Carolina",2001,1596385,97030,10752933000
45,"South Carolina",2002,1538750,98357,10710452000
45,"South Carolina",2003,1550604,99128,10878407000
45,"South Carolina",2004,1560573,101165,11134598000
45,"South Carolina",2005,1584914,103416,11749974000
45,"South Carolina",2006,1633441,105296,12719828000
45,"South Carolina",2007,1648146,107893,13147434000
45,"South Carolina",2008,1654414,106678,13780034000
45,"South Carolina",2009,1542825,103254,12790538000
45,"South Carolina",2010,1502853,102045,12422042000
45,"South Carolina",2011,1521123,100481,12987010000
45,"South Carolina",2012,1548516,101228,13875966000
45,"South Carolina",2013,1583213,101545,14446511000
45,"South Carolina",2014,1617249,102297,15163008000
45,"South Carolina",2015,1662251,103973,16055085000
45,"South Carolina",2016,1716496,105959,16558421000
45,"South Carolina",2017,1866451,109238,19146529000
45,"South Carolina",2018,1903609,110325,19954077000
45,"South Carolina",2019,1949406,111926,21059365000
46,"South Dakota",2001,310035,24032,1808302000
46,"South Dakota",2002,303646,24439,1825850000
46,"South Dakota",2003,299779,24468,1854120000
46,"South Dakota",2004,308010,24787,1947228000
46,"South Dakota",2005,310802,25205,2058867000
46,"South Dakota",2006,325105,25482,2250989000
46,"South Dakota",2007,328411,25869,2425402000
46,"South Dakota",2008,334991,25689,2596078000
46,"South Dakota",2009,328932,25483,2536586000
46,"South Dakota",2010,327153,25622,2485690000
46,"South Dakota",2011,324636,25494,2608370000
46,"South Dakota",2012,334934,25773,2813372000
46,"South Dakota",2013,338850,26021,2939676000
46,"South Dakota",2014,347247,26198,3160687000
46,"South Dakota",2015,353540,26511,3309439000
46,"South Dakota",2016,357950,26743,3392978000
46,"South Dakota",2017,359643,27099,3612589000
46,"South Dakota",2018,359771,27100,3769804000
46,"South Dakota",2019,358943,27108,3868543000
47,"Tennessee",2001,2378510,129659,17112046000
47,"Tennessee",2002,2291504,130556,16970238000
47,"Tennessee",2003,2299275,130057,17487376000
47,"Tennessee",2004,2347335,131691,18257320000
47,"Tennessee",2005,2376851,133098,18953454000
47,"Tennessee",2006,2473352,135074,20800403000
47,"Tennessee",2007,2475512,137855,21697392000
47,"Tennessee",2008,2491801,136585,22413913000
47,"Tennessee",2009,2317081,132901,21037909000
47,"Tennessee",2010,2263086,131582,20459822000
47,"Tennessee",2011,2299646,129489,21736838000
47,"Tennessee",2012,2343067,130592,23325248000
47,"Tennessee",2013,2393067,130819,24023056000
47,"Tennessee",2014,2452487,131504,25233243000
47,"Tennessee",2015,2507205,133344,26334946000
47,"Tennessee",2016,2592600,135352,27311672000
47,"Tennessee",2017,2650007,137918,29271374000
47,"Tennessee",2018,2683214,138269,30700802000
47,"Tennessee",2019,2724545,139760,31861174000
48,"Texas",2001,8161306,473868,71071936000
48,"Texas",2002,7993461,482169,69762478000
48,"Texas",2003,8051102,483945,69926201000
48,"Texas",2004,8118291,491092,71663733000
48,"Texas",2005,8305086,497758,76044082000
48,"Texas",2006,8711361,509080,86637829000
48,"Texas",2007,9038057,521408,93133911000
48,"Texas",2008,9227485,522336,100454608000
48,"Texas",2009,8920355,519028,96661200000
48,"Texas",2010,8784215,522146,94165044000
48,"Texas",2011,8986631,525420,102565386000
48,"Texas",2012,9346792,537839,112614775000
48,"Texas",2013,9663116,547190,118348875000
48,"Texas",2014,9919143,557721,127244338000
48,"Texas",2015,10239710,569091,134597730000
48,"Texas",2016,10429924,579168,133923660000
48,"Texas",2017,10580159,592676,140267260000
48,"Texas",2018,10794594,600746,149726330000
48,"Texas",2019,11104054,609476,159015699000
49,"Utah",2001,914829,56851,6323634000
49,"Utah",2002,900428,58788,6342389000
49,"Utah",2003,900605,60324,6400986000
49,"Utah",2004,935126,62834,6696306000
49,"Utah",2005,974686,65549,7132241000
49,"Utah",2006,1039095,68754,8275648000
49,"Utah",2007,1102696,71880,9174415000
49,"Utah",2008,1114602,71433,9677072000
49,"Utah",2009,1059722,69464,9330804000
49,"Utah",2010,1021143,68820,8938459000
49,"Utah",2011,1029015,68747,9454036000
49,"Utah",2012,1070887,70454,10427343000
49,"Utah",2013,1101557,71887,10872075000
49,"Utah",2014,1148156,73375,11625508000
49,"Utah",2015,1203954,75463,12413058000
49,"Utah",2016,1239348,77504,12875250000
49,"Utah",2017,1282455,80140,14126361000
49,"Utah",2018,1337574,82260,15449744000
49,"Utah",2019,1373876,83924,16722264000
50,"Vermont",2001,259375,21449,1804251000
50,"Vermont",2002,257351,21624,1802207000
50,"Vermont",2003,256441,21831,1830835000
50,"Vermont",2004,256132,22133,1890463000
50,"Vermont",2005,261656,22273,1980100000
50,"Vermont",2006,263838,22317,2114965000
50,"Vermont",2007,268086,22341,2165153000
50,"Vermont",2008,267223,22121,2380185000
50,"Vermont",2009,258948,21567,2229246000
50,"Vermont",2010,258065,21451,2168775000
50,"Vermont",2011,257474,21190,2279280000
50,"Vermont",2012,258505,21161,2306924000
50,"Vermont",2013,255310,21119,2463187000
50,"Vermont",2014,254009,21041,2460182000
50,"Vermont",2015,266363,21121,2526388000
50,"Vermont",2016,262705,21174,2592498000
50,"Vermont",2017,258876,21158,2677232000
50,"Vermont",2018,261282,21019,2799325000
50,"Vermont",2019,261196,20829,2922107000
51,"Virginia",2001,2943854,176532,25523639000
51,"Virginia",2002,2914804,180501,24943098000
51,"Virginia",2003,2932822,183468,25626475000
51,"Virginia",2004,3054816,188989,27650883000
51,"Virginia",2005,3060127,193067,29120303000
51,"Virginia",2006,3174363,197263,31997822000
51,"Virginia",2007,3182107,200503,34017395000
51,"Virginia",2008,3182794,197716,34999439000
51,"Virginia",2009,3059746,194018,34323114000
51,"Virginia",2010,2996882,193042,33381898000
51,"Virginia",2011,3027611,191063,35441139000
51,"Virginia",2012,3071081,192730,37383654000
51,"Virginia",2013,3130430,193907,38482308000
51,"Virginia",2014,3141962,195639,39645538000
51,"Virginia",2015,3198718,197384,41369888000
51,"Virginia",2016,3254172,199548,41954103000
51,"Virginia",2017,3310542,201893,44736222000
51,"Virginia",2018,3386839,202379,48129320000
51,"Virginia",2019,3455993,203467,50417404000
53,"Washington",2001,2294285,164072,20961525000
53,"Washington",2002,2185658,165933,20233801000
53,"Washington",2003,2293222,167272,21981435000
53,"Washington",2004,2268913,171529,21119886000
53,"Washington",2005,2316296,175658,22140245000
53,"Washington",2006,2421269,179908,24890104000
53,"Washington",2007,2501684,184542,26770919000
53,"Washington",2008,2536645,182207,28105165000
53,"Washington",2009,2385282,177276,26937958000
53,"Washington",2010,2326731,175914,25855310000
53,"Washington",2011,2355123,173511,27857749000
53,"Washington",2012,2361697,175553,29264997000
53,"Washington",2013,2444098,176815,31406401000
53,"Washington",2014,2528874,179012,33822505000
53,"Washington",2015,2602408,182913,35656729000
53,"Washington",2016,2685355,186164,37603653000
53,"Washington",2017,2768660,191045,41344018000
53,"Washington",2018,2847481,193817,45434074000
53,"Washington",2019,2898378,195105,48521048000
54,"West Virginia",2001,555613,40439,3488524000
54,"West Virginia",2002,561478,40488,3606988000
54,"West Virginia",2003,561434,40376,3667881000
54,"West Virginia",2004,568619,40837,3731560000
54,"West Virginia",2005,565499,40735,3822745000
54,"West Virginia",2006,583196,40566,4203564000
54,"West Virginia",2007,581023,40492,4379261000
54,"West Virginia",2008,590487,39641,4643839000
54,"West Virginia",2009,572960,38990,4682720000
54,"West Virginia",2010,560450,38676,4474297000
54,"West Virginia",2011,568344,38150,4871007000
54,"West Virginia",2012,579583,37906,5229164000
54,"West Virginia",2013,574792,37573,5173336000
54,"West Virginia",2014,573862,37354,5324098000
54,"West Virginia",2015,565435,36993,5487352000
54,"West Virginia",2016,558905,36607,5258103000
54,"West Virginia",2017,549413,36522,5552016000
54,"West Virginia",2018,554567,35963,5775677000
54,"West Virginia",2019,554433,35795,5991824000
55,"Wisconsin",2001,2400575,140540,18171568000
55,"Wisconsin",2002,2355816,142086,18140882000
55,"Wisconsin",2003,2383503,142220,18854183000
55,"Wisconsin",2004,2435143,144116,19768175000
55,"Wisconsin",2005,2449114,145159,20260093000
55,"Wisconsin",2006,2482281,145836,21604659000
55,"Wisconsin",2007,2483307,146286,22664404000
55,"Wisconsin",2008,2496107,144081,23428958000
55,"Wisconsin",2009,2355128,140861,21985007000
55,"Wisconsin",2010,2319851,139554,21291291000
55,"Wisconsin",2011,2353459,138045,22711583000
55,"Wisconsin",2012,2387973,138246,24250372000
55,"Wisconsin",2013,2400144,137983,24893339000
55,"Wisconsin",2014,2449347,138221,26110738000
55,"Wisconsin",2015,2503532,139500,27267731000
55,"Wisconsin",2016,2524329,140859,27818947000
55,"Wisconsin",2017,2561381,142136,29796266000
55,"Wisconsin",2018,2602148,141666,31519566000
55,"Wisconsin",2019,2610712,141635,32705118000
56,"Wyoming",2001,178299,18453,1137760000
56,"Wyoming",2002,177828,18769,1195466000
56,"Wyoming",2003,180959,18917,1228693000
56,"Wyoming",2004,187360,19330,1313697000
56,"Wyoming",2005,191934,19736,1405732000
56,"Wyoming",2006,204153,20242,1640183000
56,"Wyoming",2007,215615,20765,1883297000
56,"Wyoming",2008,221971,20785,2097387000
56,"Wyoming",2009,214715,20360,2030893000
56,"Wyoming",2010,205046,20231,1952595000
56,"Wyoming",2011,208385,20329,2112439000
56,"Wyoming",2012,214241,20635,2298653000
56,"Wyoming",2013,212635,20629,2294138000
56,"Wyoming",2014,219857,20807,2445252000
56,"Wyoming",2015,219881,21040,2513741000
56,"Wyoming",2016,208440,20966,2265292000
56,"Wyoming",2017,201864,21148,2253557000
56,"Wyoming",2018,205786,21336,2386265000
56,"Wyoming",2019,207016,21578,2507543000
