"naics","employment_march","establishments","payroll_quarter1","year"
"113",77984,12795,502757000,2001
"114",9954,2636,75591000,2001
"115",95538,11016,513800000,2001
"211",87980,7691,1740963000,2001
"212",200735,7323,2276100000,2001
"213",196850,9305,2239944000,2001
"221",654484,17702,12103087000,2001
"233",1616973,215806,14930991000,2001
"234",901207,40476,8227567000,2001
"235",3973814,442616,32252013000,2001
"311",1470146,26785,10578114000,2001
"312",170864,3212,1783009000,2001
"313",308490,4452,2181601000,2001
"314",202022,6966,1262078000,2001
"315",441742,16152,2338612000,2001
"316",60567,1763,381409000,2001
"321",557507,17289,3776944000,2001
"322",533251,5739,5686501000,2001
"323",784520,37895,6875628000,2001
"324",103570,2253,1547115000,2001
"325",869761,13361,11709204000,2001
"326",1002503,15981,8178839000,2001
"327",524230,16732,4652358000,2001
"331",572512,6684,6017506000,2001
"332",1761358,60791,15585769000,2001
"333",1332854,28922,14230067000,2001
"334",1593307,16764,22810400000,2001
"335",575413,6940,5365600000,2001
"336",1753445,12627,21209083000,2001
"337",619197,20593,4381462000,2001
"339",713165,30718,6326026000,2001
"421",3633480,283435,43962062000,2001
"422",2508609,155489,25660574000,2001
"441",1850218,125728,15125538000,2001
"442",567318,65766,3314342000,2001
"443",425736,47747,2889717000,2001
"444",1249126,94135,8118254000,2001
"445",2963801,156261,12012699000,2001
"446",958072,81898,4904655000,2001
"447",927284,118892,3248672000,2001
"448",1392626,151668,5181234000,2001
"451",622261,64453,2220399000,2001
"452",2525974,41169,10063667000,2001
"453",841594,129311,3304383000,2001
"454",566279,42922,4765651000,2001
"481",608986,5451,7310905000,2001
"483",70462,1871,796909000,2001
"484",1397865,109814,11045304000,2001
"485",391561,16466,1860498000,2001
"486",50923,2785,1257136000,2001
"487",23414,2380,116508000,2001
"488",484611,31876,4237200000,2001
"492",577575,12855,4432231000,2001
"493",145266,7185,1086606000,2001
"511",1100931,32111,18573245000,2001
"512",297143,22782,2953795000,2001
"513",1777015,59675,25429478000,2001
"514",579609,22725,9114840000,2001
"521",23552,74,308846000,2001
"522",2917625,180764,36825582000,2001
"523",947060,76918,49960448000,2001
"524",2326133,164832,31330803000,2001
"525",34030,2440,613497000,2001
"531",1335298,241115,10868819000,2001
"532",652714,63759,4341942000,2001
"533",25661,2129,407926000,2001
"541",7156579,736454,90660512000,2001
"551",2879223,47559,60716209000,2001
"561",8761451,345916,51158883000,2001
"562",300536,16749,2694918000,2001
"611",2612430,70878,16149241000,2001
"621",4736631,466914,42658571000,2001
"622",5085005,7138,44378824000,2001
"623",2671457,65088,13211498000,2001
"624",2041633,132230,8311097000,2001
"711",361745,34840,4538694000,2001
"712",113545,6032,645256000,2001
"713",1305072,65089,5146316000,2001
"721",1752782,60196,8388769000,2001
"722",8219519,488373,22345340000,2001
"811",1343180,230867,9171858000,2001
"812",1311522,196810,5631061000,2001
"813",2715777,291725,12895733000,2001
"113",75822,12509,514116000,2002
"114",9244,2385,76666000,2002
"115",96096,11658,544267000,2002
"211",88280,7629,1968792000,2002
"212",194174,7205,2256744000,2002
"213",183321,9037,2119087000,2002
"221",648254,18432,12050372000,2002
"233",1585717,226394,15235782000,2002
"234",856312,39949,8226964000,2002
"235",3865341,443982,32183352000,2002
"311",1443766,25698,10626630000,2002
"312",163395,3232,1731549000,2002
"313",261655,4045,1876220000,2002
"314",190209,7332,1202463000,2002
"315",350439,13359,1971586000,2002
"316",47795,1549,311339000,2002
"321",534011,17052,3720145000,2002
"322",495990,5546,5375844000,2002
"323",706419,36902,6198110000,2002
"324",100403,2296,1617050000,2002
"325",827430,13096,11582439000,2002
"326",925607,15462,7774448000,2002
"327",475476,16674,4237115000,2002
"331",501038,6229,5307366000,2002
"332",1582399,61652,14066130000,2002
"333",1166221,27941,12546107000,2002
"334",1300411,15883,18619307000,2002
"335",502400,6601,4805279000,2002
"336",1578707,12202,19678512000,2002
"337",575128,22083,4099942000,2002
"339",664710,29507,6222528000,2002
"421",3443697,282959,40431435000,2002
"422",2416559,153941,24593696000,2002
"441",1890916,126644,15786271000,2002
"442",551567,66360,3277395000,2002
"443",418725,49600,2814908000,2002
"444",1270736,94109,8245567000,2002
"445",2883997,155677,12270321000,2002
"446",988347,82574,5165492000,2002
"447",895983,117100,3242830000,2002
"448",1408948,151895,5269727000,2002
"451",617726,65933,2254152000,2002
"452",2546094,41069,10516748000,2002
"453",822992,129997,3335695000,2002
"454",523873,44735,4418143000,2002
"481",548258,5512,6894220000,2002
"483",64268,1902,779121000,2002
"484",1333342,111308,10651716000,2002
"485",387325,17073,1919388000,2002
"486",50362,2701,1318778000,2002
"487",19333,2503,93121000,2002
"488",475466,33342,4207088000,2002
"492",553250,13173,3981015000,2002
"493",149409,7629,1132323000,2002
"511",1019976,32577,15815526000,2002
"512",278399,23021,2815957000,2002
"513",1698408,58712,24292798000,2002
"514",539337,24280,7848679000,2002
"521",23367,58,326906000,2002
"522",3006084,196160,39319165000,2002
"523",1008867,81690,43867930000,2002
"524",2342005,168976,31460045000,2002
"525",34260,3538,630465000,2002
"531",1351973,257195,10848875000,2002
"532",641322,63645,4332757000,2002
"533",24052,2184,360133000,2002
"541",7046205,772365,88099560000,2002
"551",2913798,49383,56320064000,2002
"561",7998637,325846,47659081000,2002
"562",300580,17698,2761478000,2002
"611",2701675,73701,17367685000,2002
"621",4917156,487747,45738714000,2002
"622",5121584,7569,47881477000,2002
"623",2770665,67900,14263585000,2002
"624",2090743,140324,8899292000,2002
"711",370329,38191,4652813000,2002
"712",116123,6633,690984000,2002
"713",1314539,65551,5203726000,2002
"721",1696701,61795,8023214000,2002
"722",8352174,503354,22850872000,2002
"811",1334875,233234,9232796000,2002
"812",1314320,206884,5741844000,2002
"813",2770892,300000,13705951000,2002
"113",75818,11914,526819000,2003
"114",8945,2474,72555000,2003
"115",95910,11473,556667000,2003
"211",83447,7493,1596634000,2003
"212",184423,6982,2176519000,2003
"213",186680,9124,2287533000,2003
"221",675938,18413,12710335000,2003
"236",1491688,219899,14316438000,2003
"237",910946,50905,8980317000,2003
"238",3978770,461371,32297435000,2003
"311",1495998,27274,11175092000,2003
"312",155161,3212,1716588000,2003
"313",254838,3840,1848064000,2003
"314",187526,7289,1217697000,2003
"315",303654,13376,1698598000,2003
"316",44113,1519,296228000,2003
"321",523984,16808,3765330000,2003
"322",482232,5456,5302183000,2003
"323",700221,36024,6180493000,2003
"324",98334,2299,1604144000,2003
"325",841375,13247,12195049000,2003
"326",921392,15019,7815768000,2003
"327",467644,16446,4189170000,2003
"331",479693,5725,5110928000,2003
"332",1518266,59407,13594614000,2003
"333",1129140,27459,12167117000,2003
"334",1189485,15426,16835900000,2003
"335",459993,6383,4434122000,2003
"336",1606713,12503,19914867000,2003
"337",564414,21716,4016371000,2003
"339",707844,31421,6717476000,2003
"423",3312720,254024,39845404000,2003
"424",2287616,138858,24449449000,2003
"425",263524,39655,2511199000,2003
"441",1921158,126989,15955533000,2003
"442",560717,65393,3238785000,2003
"443",419321,47746,2487129000,2003
"444",1189772,87748,7391322000,2003
"445",2883781,152582,12301602000,2003
"446",969863,82447,5124965000,2003
"447",936492,119464,3414745000,2003
"448",1467427,148012,5409089000,2003
"451",602996,61844,2120568000,2003
"452",2525180,41958,10768100000,2003
"453",819281,127644,3202029000,2003
"454",571837,54079,4624018000,2003
"481",533799,5478,6554030000,2003
"483",67329,1930,824877000,2003
"484",1423286,111581,11313031000,2003
"485",397949,17257,1864764000,2003
"486",41003,2733,907346000,2003
"487",22523,2532,106510000,2003
"488",504604,34481,4663370000,2003
"492",534112,14163,4289637000,2003
"493",543330,12518,4388208000,2003
"511",1049626,31336,16772537000,2003
"512",283797,22207,3061721000,2003
"515",286401,10372,4073391000,2003
"516",35606,2038,581756000,2003
"517",1415155,50142,21860626000,2003
"518",473910,19643,6759842000,2003
"519",55407,4289,452469000,2003
"521",21798,63,308933000,2003
"522",3114230,202063,43250421000,2003
"523",901641,84997,37214908000,2003
"524",2393188,170169,34290342000,2003
"525",32849,3299,679138000,2003
"531",1388276,267969,11603247000,2003
"532",627435,63180,4245655000,2003
"533",29027,2403,475392000,2003
"541",7340246,780870,94426324000,2003
"551",2879156,47432,57673880000,2003
"561",8170921,330288,48398863000,2003
"562",340217,18398,3176060000,2003
"611",2776615,76422,18074617000,2003
"621",5127801,498423,48577976000,2003
"622",5209757,6887,50333110000,2003
"623",2945955,69114,14862726000,2003
"624",2188670,141926,9354112000,2003
"711",394567,39123,4755256000,2003
"712",119999,6740,711860000,2003
"713",1318419,68128,5072965000,2003
"721",1803748,61262,8828823000,2003
"722",8635903,514085,24018214000,2003
"811",1304648,228584,8901645000,2003
"812",1309960,204710,5665085000,2003
"813",2752558,298673,13908441000,2003
"113",75966,11707,533705000,2004
"114",8705,2493,76309000,2004
"115",97450,11328,574764000,2004
"211",82879,7372,1724267000,2004
"212",189747,6991,2273235000,2004
"213",197654,9479,2440200000,2004
"221",634734,17675,12828770000,2004
"236",1578703,233617,15401518000,2004
"237",907839,50146,8789219000,2004
"238",4161099,476609,33574699000,2004
"311",1482261,26767,11227292000,2004
"312",154703,3359,1745526000,2004
"313",224224,3638,1669614000,2004
"314",171415,7117,1158303000,2004
"315",280278,12314,1600836000,2004
"316",43335,1475,296209000,2004
"321",534799,16783,3944963000,2004
"322",464894,5422,5287068000,2004
"323",673305,35321,6005128000,2004
"324",103927,2457,1931294000,2004
"325",823020,13364,12299243000,2004
"326",908100,14886,7913365000,2004
"327",472133,16714,4291306000,2004
"331",451142,5426,5149002000,2004
"332",1514595,59373,13715682000,2004
"333",1087944,27037,12162180000,2004
"334",1108339,15097,16493127000,2004
"335",439064,6294,4375887000,2004
"336",1625742,12705,20748995000,2004
"337",555368,21735,4016513000,2004
"339",703388,31799,6950386000,2004
"423",3319061,248460,41703713000,2004
"424",2294256,134579,25534616000,2004
"425",293734,46450,2792677000,2004
"441",1959382,127778,16395026000,2004
"442",576733,65728,3431736000,2004
"443",457819,49020,2594044000,2004
"444",1223253,86714,7737573000,2004
"445",2957236,152521,12605828000,2004
"446",1049482,84124,5841025000,2004
"447",934994,118087,3416334000,2004
"448",1555098,149831,5812057000,2004
"451",621398,62233,2259730000,2004
"452",2656591,44135,11236439000,2004
"453",823683,128919,3297448000,2004
"454",535762,50759,4527444000,2004
"481",489073,5722,6064696000,2004
"483",66825,1854,883805000,2004
"484",1428458,113926,11443423000,2004
"485",401034,17132,1909504000,2004
"486",39586,2597,906196000,2004
"487",22075,2651,117415000,2004
"488",526873,35486,4883958000,2004
"492",549769,14195,4233360000,2004
"493",575177,13315,4865450000,2004
"511",1033515,31528,16609774000,2004
"512",307813,22753,3112352000,2004
"515",288044,10099,4215605000,2004
"516",37049,2133,616307000,2004
"517",1327403,49786,21086615000,2004
"518",426368,19489,6680578000,2004
"519",52235,3893,457212000,2004
"521",20960,79,311469000,2004
"522",3190142,208560,46555491000,2004
"523",862725,84979,44246783000,2004
"524",2375648,173681,36997128000,2004
"525",31829,3328,725815000,2004
"531",1432211,282132,12503983000,2004
"532",624779,64292,4434225000,2004
"533",29095,2288,510581000,2004
"541",7569981,804569,99435780000,2004
"551",2824787,46328,60670014000,2004
"561",8364452,339771,50487804000,2004
"562",343600,19131,3143194000,2004
"611",2893346,78760,19174900000,2004
"621",5364453,509489,51593981000,2004
"622",5303475,7228,52562934000,2004
"623",2917933,70589,15374023000,2004
"624",2228951,144611,9654931000,2004
"711",398067,40464,5051530000,2004
"712",118853,6934,709954000,2004
"713",1372124,71429,5422039000,2004
"721",1845050,62082,9154196000,2004
"722",8904761,528940,25257592000,2004
"811",1319656,229329,9199702000,2004
"812",1333370,208019,5801793000,2004
"813",2763167,297158,14293954000,2004
"113",69541,11048,532500000,2005
"114",7202,2415,67651000,2005
"115",92001,10639,554697000,2005
"211",85562,7390,2027501000,2005
"212",196940,7130,2502196000,2005
"213",214770,10176,2768737000,2005
"221",633106,17326,13031818000,2005
"236",1613063,243567,16849870000,2005
"237",908222,50827,9177849000,2005
"238",4260042,493278,35557807000,2005
"311",1469730,25785,11440621000,2005
"312",154233,3516,1708620000,2005
"313",208968,3411,1623594000,2005
"314",163675,6891,1102838000,2005
"315",243416,11165,1325413000,2005
"316",40551,1414,276695000,2005
"321",555942,16707,4193351000,2005
"322",453966,5273,5306553000,2005
"323",657759,34385,5972065000,2005
"324",101505,2362,2045598000,2005
"325",810368,13220,12364453000,2005
"326",902109,14707,7985670000,2005
"327",469151,16908,4428271000,2005
"331",450811,5362,5451957000,2005
"332",1519845,59053,14232516000,2005
"333",1107285,26723,12715390000,2005
"334",1058992,14741,16066844000,2005
"335",426822,6201,4393720000,2005
"336",1636111,12694,21103663000,2005
"337",547859,21563,4097655000,2005
"339",688239,31379,6987850000,2005
"423",3365466,245898,44188829000,2005
"424",2289266,132897,26477517000,2005
"425",314197,51028,3159538000,2005
"441",1947916,128585,16779407000,2005
"442",575629,66396,3524005000,2005
"443",469248,50176,2746811000,2005
"444",1262662,87118,8204443000,2005
"445",2937918,153355,12781626000,2005
"446",1037354,84886,6032156000,2005
"447",908818,117189,3419127000,2005
"448",1555928,150580,5892004000,2005
"451",631095,61352,2268627000,2005
"452",2670710,45925,11917289000,2005
"453",819903,127957,3332563000,2005
"454",521491,49688,4564214000,2005
"481",486355,5715,5951740000,2005
"483",65483,1946,909836000,2005
"484",1478299,117224,12271157000,2005
"485",406709,17266,2004817000,2005
"486",38053,2681,807216000,2005
"487",24156,2752,125355000,2005
"488",543666,36221,5189436000,2005
"492",547255,13862,4228770000,2005
"493",578040,13483,4866807000,2005
"511",1032273,31538,16839202000,2005
"512",314396,23579,3278067000,2005
"515",287038,10342,4296881000,2005
"516",36145,2343,654109000,2005
"517",1226536,49431,18793423000,2005
"518",452159,20142,7562434000,2005
"519",54052,3915,482429000,2005
"521",19936,93,312065000,2005
"522",3201715,214062,49442094000,2005
"523",860384,82117,48704161000,2005
"524",2323045,177214,38596544000,2005
"525",26757,3320,807789000,2005
"531",1480040,302453,14053651000,2005
"532",634901,65860,4730623000,2005
"533",29136,2338,5.46e+08,2005
"541",7689366,826101,105011898000,2005
"551",2856418,47593,66676155000,2005
"561",8946939,350208,54660764000,2005
"562",333343,19299,3193365000,2005
"611",2879374,80486,19599686000,2005
"621",5422574,519578,54150119000,2005
"622",5321600,7081,53847848000,2005
"623",2959571,72103,15775954000,2005
"624",2321402,147838,10047944000,2005
"711",412146,41675,4844961000,2005
"712",120908,6980,721070000,2005
"713",1403430,73122,5636273000,2005
"721",1854499,62502,9806737000,2005
"722",9171410,540933,26333791000,2005
"811",1294783,228341,9256562000,2005
"812",1337443,209875,6125194000,2005
"813",2758728,301818,14752640000,2005
"113",66304,10723,530127000,2006
"114",7521,2372,79482000,2006
"115",91836,10456,607986000,2006
"211",92683,7803,2642757000,2006
"212",205349,7278,2802469000,2006
"213",256301,11167,3749799000,2006
"221",614427,17174,14271616000,2006
"236",1708176,243614,19542420000,2006
"237",989383,51122,11070866000,2006
"238",4641240,507613,41895069000,2006
"311",1458738,25382,12020237000,2006
"312",155093,3684,1835062000,2006
"313",187766,3243,1534111000,2006
"314",155586,6726,1123715000,2006
"315",216238,10967,1286073000,2006
"316",38597,1398,278563000,2006
"321",576506,16735,4637950000,2006
"322",441430,5139,5390631000,2006
"323",641011,33433,6192032000,2006
"324",102997,2448,2099541000,2006
"325",805064,13247,13345683000,2006
"326",900842,14592,8420604000,2006
"327",482459,17350,4833030000,2006
"331",449914,5285,5691408000,2006
"332",1563713,59064,15563198000,2006
"333",1126671,26317,13683020000,2006
"334",1057485,14548,17593391000,2006
"335",419691,6109,4585273000,2006
"336",1622527,12707,21724149000,2006
"337",543259,21449,4360059000,2006
"339",686096,31239,7497617000,2006
"423",3430253,244704,48324912000,2006
"424",2267735,130754,27732555000,2006
"425",332659,54494,3665365000,2006
"441",1947516,128403,17775946000,2006
"442",578075,65854,3792662000,2006
"443",488784,49323,3051651000,2006
"444",1366404,87822,10045773000,2006
"445",2926489,152375,13116428000,2006
"446",1113634,87026,7234070000,2006
"447",913467,116855,3596246000,2006
"448",1631450,152021,6389821000,2006
"451",638013,60515,2381373000,2006
"452",2802451,46714,12951775000,2006
"453",839845,125092,3700571000,2006
"454",521738,48319,4773614000,2006
"481",474774,5610,6101582000,2006
"483",68438,1925,1018440000,2006
"484",1532313,120263,13937885000,2006
"485",418718,17224,2229825000,2006
"486",39196,2653,847934000,2006
"487",26669,2720,154548000,2006
"488",579589,37083,5887712000,2006
"492",571383,13790,4763285000,2006
"493",595325,13849,5318608000,2006
"511",1039739,31821,18378475000,2006
"512",331231,23961,3584680000,2006
"515",301983,10583,4742027000,2006
"516",41588,2653,803502000,2006
"517",1161766,47762,19426577000,2006
"518",465318,21002,8344912000,2006
"519",54621,4163,523293000,2006
"521",20019,108,327477000,2006
"522",3281528,224623,54492661000,2006
"523",941332,86554,56347211000,2006
"524",2377822,180161,42844442000,2006
"525",26397,2883,974696000,2006
"531",1553369,313472,15804893000,2006
"532",633948,66319,5124584000,2006
"533",29486,2337,611282000,2006
"541",8054094,846473,118035259000,2006
"551",2915644,48311,75927152000,2006
"561",9658292,358416,63504985000,2006
"562",345334,19919,3599802000,2006
"611",2979514,82647,21573583000,2006
"621",5683285,530907,59658644000,2006
"622",5370540,6843,58922037000,2006
"623",2993133,73876,16946513000,2006
"624",2404403,150825,11019051000,2006
"711",424914,42430,5604865000,2006
"712",123177,7089,782651000,2006
"713",1425564,73529,6069514000,2006
"721",1880698,62725,10465547000,2006
"722",9500528,549529,28907636000,2006
"811",1307221,225535,9866286000,2006
"812",1357791,209772,6529286000,2006
"813",2793546,301133,15788165000,2006
"113",64445,10491,542855000,2007
"114",7147,2389,82456000,2007
"115",100513,10765,650938000,2007
"211",141809,7542,2487866000,2007
"212",218044,7008,2880819000,2007
"213",341034,11652,4522790000,2007
"221",622757,16674,15087186000,2007
"236",1672254,244862,19818799000,2007
"237",1016407,51421,12094525000,2007
"238",4579222,515169,43740182000,2007
"311",1439266,25796,12191767000,2007
"312",156114,4069,1896025000,2007
"313",164082,3092,1394689000,2007
"314",152978,6732,1162561000,2007
"315",197454,10368,1226248000,2007
"316",36671,1392,270108000,2007
"321",527565,16622,4304363000,2007
"322",425096,5037,5397026000,2007
"323",631771,33281,6252007000,2007
"324",103577,2408,2216958000,2007
"325",793717,13395,13646742000,2007
"326",855483,14233,8291517000,2007
"327",472128,17472,4824323000,2007
"331",438921,5267,5688493000,2007
"332",1565866,59637,16180255000,2007
"333",1137540,26198,14086895000,2007
"334",1043288,14478,18380008000,2007
"335",406259,6144,4520646000,2007
"336",1574147,12857,21612557000,2007
"337",517401,21717,4290671000,2007
"339",680848,31160,7655584000,2007
"423",3395277,247339,48635598000,2007
"424",2228049,130640,28153357000,2007
"425",341524,56485,3975847000,2007
"441",1938266,127331,17718855000,2007
"442",596538,65485,3836436000,2007
"443",500780,52470,3090644000,2007
"444",1373961,88304,9653430000,2007
"445",2881783,151031,13660471000,2007
"446",1069187,89406,7703514000,2007
"447",888705,115533,3592449000,2007
"448",1648157,155371,6728027000,2007
"451",639694,60145,2430600000,2007
"452",2897472,47456,14039124000,2007
"453",813827,123374,3703416000,2007
"454",511558,47723,4882660000,2007
"481",480648,5730,6219096000,2007
"483",68947,1928,1114214000,2007
"484",1476397,121419,13937319000,2007
"485",440623,18322,2433489000,2007
"486",42445,2775,969457000,2007
"487",27464,2781,161699000,2007
"488",610641,38566,6427484000,2007
"492",569190,13845,5130167000,2007
"493",679077,14440,5970039000,2007
"511",1034709,31508,19175741000,2007
"512",320647,24883,3609226000,2007
"515",293968,10415,4825329000,2007
"516",46627,2746,938075000,2007
"517",1201922,50078,21038757000,2007
"518",446781,19922,8357765000,2007
"519",54659,4227,551877000,2007
"521",20223,104,345511000,2007
"522",3226219,232716,58467118000,2007
"523",942086,90065,68402222000,2007
"524",2326944,181528,44241046000,2007
"525",33396,3678,1199619000,2007
"531",1554163,312524,16416825000,2007
"532",638277,65046,5283891000,2007
"533",31735,2568,678161000,2007
"541",8179941,867556,126219903000,2007
"551",3121402,50643,83643495000,2007
"561",9628468,363043,67137972000,2007
"562",355193,21458,3817768000,2007
"611",3039385,86896,22656531000,2007
"621",5817039,547183,63680403000,2007
"622",5477818,7352,63397679000,2007
"623",3043133,75606,17999563000,2007
"624",2459657,154090,11671375000,2007
"711",436072,44260,6368664000,2007
"712",128539,7312,840643000,2007
"713",1443956,73650,6335765000,2007
"721",1907554,63903,11227621000,2007
"722",9657310,568586,30721951000,2007
"811",1322952,226131,10535640000,2007
"812",1380284,212530,6831165000,2007
"813",2816537,305591,16727124000,2007
"113",61311,9741,526484000,2008
"114",7481,2292,83763000,2008
"115",98247,10618,680180000,2008
"211",107100,7993,3420215000,2008
"212",205652,6935,3134816000,2008
"213",316519,12512,5295423000,2008
"221",639403,16960,16756406000,2008
"236",1553559,232634,19191513000,2008
"237",994866,48030,12511673000,2008
"238",4495206,492950,45390963000,2008
"311",1467458,25760,12796406000,2008
"312",157006,4151,1925246000,2008
"313",148707,2832,1270456000,2008
"314",146243,7764,1080385000,2008
"315",166357,7337,1055218000,2008
"316",32740,1315,253171000,2008
"321",491280,16260,4012673000,2008
"322",412912,4877,5421981000,2008
"323",626567,32697,6342008000,2008
"324",103912,2373,2200316000,2008
"325",810788,13640,14184721000,2008
"326",822126,13933,8150465000,2008
"327",456083,17428,4806922000,2008
"331",431956,5065,5831285000,2008
"332",1588102,60086,17188106000,2008
"333",1149654,26016,14883220000,2008
"334",1014545,14204,17818929000,2008
"335",403900,6193,4674040000,2008
"336",1526879,12800,21429021000,2008
"337",489201,20833,4203955000,2008
"339",649743,30652,7656108000,2008
"423",3552528,248482,54169504000,2008
"424",2313409,129823,31181636000,2008
"425",299267,51158,3519145000,2008
"441",1884468,122370,17396953000,2008
"442",533096,61735,3559650000,2008
"443",464927,49173,2762275000,2008
"444",1334541,89215,9457280000,2008
"445",2861854,143675,13815922000,2008
"446",1025095,88445,7782312000,2008
"447",896590,114144,3678691000,2008
"448",1648150,155578,6637598000,2008
"451",618009,55825,2418372000,2008
"452",2977387,45683,14382127000,2008
"453",778987,117210,3539576000,2008
"454",591653,57890,5767891000,2008
"481",485710,5558,6540358000,2008
"483",69028,1748,1257575000,2008
"484",1426866,115321,13599556000,2008
"485",449381,18011,2438252000,2008
"486",40176,2871,1068384000,2008
"487",23039,2589,133237000,2008
"488",645654,42296,6948175000,2008
"492",596269,14339,5179221000,2008
"493",702780,14350,6420757000,2008
"511",1059123,30418,20641117000,2008
"512",351533,24353,3996492000,2008
"515",291556,10065,5026129000,2008
"517",1200479,53722,22105616000,2008
"518",391955,15642,6884588000,2008
"519",139588,7354,3405233000,2008
"521",19031,55,347747000,2008
"522",3077063,225033,55044656000,2008
"523",973920,92651,76835570000,2008
"524",2431680,183193,47284685000,2008
"525",9922,975,592890000,2008
"531",1528250,298830,16847676000,2008
"532",636058,64426,5542939000,2008
"533",32006,2406,637065000,2008
"541",8032847,848309,130155907000,2008
"551",2887407,51761,78294181000,2008
"561",9857294,371825,72080593000,2008
"562",367263,21713,4111042000,2008
"611",3141297,88578,24428009000,2008
"621",5886549,551967,66571940000,2008
"622",5585159,7014,67744800000,2008
"623",3129206,76827,19041289000,2008
"624",2616342,155199,12482569000,2008
"711",452224,44477,6403593000,2008
"712",133466,7272,903824000,2008
"713",1483656,72530,6437227000,2008
"721",1976226,63066,12031042000,2008
"722",9950103,573520,32402713000,2008
"811",1271591,217490,10253241000,2008
"812",1368422,209271,6815330000,2008
"813",2812590,303933,17855308000,2008
"113",53003,8982,443348000,2009
"114",7258,2298,69465000,2009
"115",93568,10399,654230000,2009
"211",107394,7891,3071392000,2009
"212",202657,6689,3000477000,2009
"213",294602,12317,5273454000,2009
"221",641552,17312,15918776000,2009
"236",1290849,211825,15934157000,2009
"237",894873,44894,11771795000,2009
"238",3781406,456258,39177920000,2009
"311",1434718,24731,12487859000,2009
"312",146389,4222,1793463000,2009
"313",121926,2679,1014634000,2009
"314",117810,6557,860227000,2009
"315",132922,7688,777349000,2009
"316",28815,1246,211997000,2009
"321",385841,15142,3035239000,2009
"322",381251,4706,4827024000,2009
"323",549718,30526,5363475000,2009
"324",100406,2281,2200511000,2009
"325",759264,13138,13106650000,2009
"326",693481,13351,6775072000,2009
"327",380254,16319,3939907000,2009
"331",378277,4753,4913313000,2009
"332",1401482,57762,15008866000,2009
"333",1033961,24926,13218510000,2009
"334",965230,13544,16824464000,2009
"335",363214,5960,4221769000,2009
"336",1273221,12091,17947842000,2009
"337",388262,18572,3259266000,2009
"339",596514,28740,6991642000,2009
"423",3334703,241347,51172473000,2009
"424",2196411,127234,30186193000,2009
"425",296655,51177,3451937000,2009
"441",1656396,119822,14559740000,2009
"442",449836,57478,2972012000,2009
"443",448946,48489,2665695000,2009
"444",1220587,85911,8680007000,2009
"445",2855275,145229,13817712000,2009
"446",995238,89184,7741682000,2009
"447",855915,112144,3576189000,2009
"448",1535923,150205,6337200000,2009
"451",577439,53468,2283631000,2009
"452",2916661,45635,14347784000,2009
"453",733156,112802,3282371000,2009
"454",557395,56278,5613423000,2009
"481",438336,5355,5751334000,2009
"483",68517,1775,1202584000,2009
"484",1326999,109911,12234314000,2009
"485",437011,18030,2445707000,2009
"486",41612,2904,1136688000,2009
"487",21664,2557,124715000,2009
"488",603165,41358,6552064000,2009
"492",548607,13774,5008489000,2009
"493",673693,14424,6181125000,2009
"511",963272,29126,19135465000,2009
"512",340053,23921,3913574000,2009
"515",272772,9782,4851527000,2009
"517",1185253,52092,21429869000,2009
"518",387170,12410,7049005000,2009
"519",139589,8395,3309502000,2009
"521",17972,47,372301000,2009
"522",2859261,209556,47253918000,2009
"523",927518,98286,50528465000,2009
"524",2358929,179987,44207704000,2009
"525",7560,1033,385651000,2009
"531",1445435,286958,14782206000,2009
"532",556987,61671,4961408000,2009
"533",34168,2418,667709000,2009
"541",7839965,842566,128538262000,2009
"551",2853450,51574,74134092000,2009
"561",8712512,362177,66108191000,2009
"562",348475,21446,3911673000,2009
"611",3200553,88777,25490438000,2009
"621",6040265,557624,69121318000,2009
"622",5658923,7181,69508302000,2009
"623",3180762,76982,19269369000,2009
"624",2651192,157484,12858072000,2009
"711",428958,43985,6256936000,2009
"712",128641,7310,900251000,2009
"713",1452740,71562,6223718000,2009
"721",1838641,62872,10946500000,2009
"722",9604652,572367,31926908000,2009
"811",1188777,212196,9701390000,2009
"812",1318245,206175,6505300000,2009
"813",2757407,304330,17829646000,2009
"113",53525,8836,445529000,2010
"114",7670,2403,69139000,2010
"115",94860,10452,627227000,2010
"211",109199,7859,3552759000,2010
"212",192431,6665,2925722000,2010
"213",279952,12568,4692645000,2010
"221",638058,17600,15819420000,2010
"236",1163321,201877,13174162000,2010
"237",841993,43405,10490089000,2010
"238",3383957,437402,33187565000,2010
"311",1432843,24773,12469677000,2010
"312",139525,4646,1684138000,2010
"313",109285,2514,917921000,2010
"314",111076,6262,791165000,2010
"315",120627,7206,699266000,2010
"316",27356,1191,200550000,2010
"321",350288,14387,2717840000,2010
"322",365099,4602,4728472000,2010
"323",499622,29118,4784709000,2010
"324",99690,2246,2162348000,2010
"325",722485,12923,12885338000,2010
"326",667615,12969,6716165000,2010
"327",343954,15864,3571126000,2010
"331",352280,4667,4629529000,2010
"332",1275777,55946,13478680000,2010
"333",928673,24255,11819996000,2010
"334",878349,13270,15226349000,2010
"335",329234,5880,3869449000,2010
"336",1201956,11715,17518969000,2010
"337",348715,17468,2846984000,2010
"339",558389,28080,6597444000,2010
"423",3133258,236384,47347168000,2010
"424",2161562,126314,30788330000,2010
"425",303687,51910,3317376000,2010
"441",1636108,117697,14282432000,2010
"442",429172,54929,2717290000,2010
"443",411516,48305,2509274000,2010
"444",1208399,83688,8157313000,2010
"445",2823029,147656,13672365000,2010
"446",1004348,90104,7687479000,2010
"447",852381,111734,3538146000,2010
"448",1528512,147614,6156641000,2010
"451",547915,52443,2148725000,2010
"452",2796265,46710,13984963000,2010
"453",720270,110946,3176009000,2010
"454",538710,56158,5570931000,2010
"481",419973,5089,5737240000,2010
"483",61734,1762,1029006000,2010
"484",1265198,108602,11272576000,2010
"485",441538,18361,2427982000,2010
"486",46506,3150,1293515000,2010
"487",21195,2553,122949000,2010
"488",585087,41189,6179884000,2010
"492",517177,13445,4597071000,2010
"493",653581,14323,5987435000,2010
"511",907152,28109,18793309000,2010
"512",318598,24039,3697756000,2010
"515",263009,9940,4819745000,2010
"517",1114354,51996,20239748000,2010
"518",384510,12377,6763357000,2010
"519",136413,8970,3477219000,2010
"521",18205,47,401641000,2010
"522",2757058,199090,46029558000,2010
"523",873938,96350,56451088000,2010
"524",2272780,176941,43348810000,2010
"525",6715,1067,NA,2010
"531",1407867,287782,14259114000,2010
"532",509361,57157,4474531000,2010
"533",29196,2387,601216000,2010
"541",7822417,851506,126334063000,2010
"551",2832953,50873,75689055000,2010
"561",8627312,359688,64576426000,2010
"562",349953,22086,3937025000,2010
"611",3273527,90112,26081105000,2010
"621",6184324,568257,70835211000,2010
"622",5650848,6792,68591154000,2010
"623",3234545,79047,19400503000,2010
"624",2718142,158764,13046009000,2010
"711",424800,44325,6184057000,2010
"712",125870,7327,839430000,2010
"713",1452925,71499,6106934000,2010
"721",1821149,63129,10522274000,2010
"722",9490973,580831,32217798000,2010
"811",1155369,211429,9223098000,2010
"812",1310538,207724,6315970000,2010
"813",2738538,306335,17591665000,2010
"113",53034,8616,471020000,2011
"114",7544,2401,73154000,2011
"115",95942,10323,667205000,2011
"211",118959,8095,4088211000,2011
"212",200278,6652,3274882000,2011
"213",331967,13275,6103865000,2011
"221",639795,17634,16742036000,2011
"236",1100236,194451,13011919000,2011
"237",829165,41784,10867151000,2011
"238",3261520,421503,33292410000,2011
"311",1427283,25543,12767089000,2011
"312",146493,5059,1750019000,2011
"313",109816,2461,1003486000,2011
"314",111550,6221,850541000,2011
"315",114138,7137,681374000,2011
"316",28696,1169,215169000,2011
"321",344341,13859,2801561000,2011
"322",363014,4494,4919163000,2011
"323",480502,27913,4752264000,2011
"324",98410,2229,2313614000,2011
"325",725288,12914,13695342000,2011
"326",684037,12744,7184502000,2011
"327",338831,15406,3597462000,2011
"331",372869,4628,5259711000,2011
"332",1332140,55491,14899679000,2011
"333",966853,23928,13265448000,2011
"334",877469,13151,16273793000,2011
"335",331677,5785,4163919000,2011
"336",1235048,11470,18732437000,2011
"337",334919,16494,2882342000,2011
"339",560987,27547,6888800000,2011
"423",3156124,235193,51117389000,2011
"424",2155213,124944,32063419000,2011
"425",314991,51793,3520754000,2011
"441",1663829,116345,15367421000,2011
"442",424221,52703,2707404000,2011
"443",434297,49068,2777505000,2011
"444",1194721,81308,8094231000,2011
"445",2843078,148766,14003993000,2011
"446",985870,92206,7804656000,2011
"447",847516,110830,3571874000,2011
"448",1659696,148084,6780770000,2011
"451",541071,50889,2215615000,2011
"452",2843559,47823,15078169000,2011
"453",716866,108629,3258410000,2011
"454",543839,56291,5854242000,2011
"481",425787,5051,6596374000,2011
"483",63365,1774,1185259000,2011
"484",1332250,110267,12430137000,2011
"485",446965,18571,2535360000,2011
"486",46642,3535,1320676000,2011
"487",22537,2573,137803000,2011
"488",583637,40862,6543660000,2011
"492",526762,15060,4745299000,2011
"493",658414,14161,6442239000,2011
"511",856660,27215,18626615000,2011
"512",309970,24259,3701746000,2011
"515",263623,9814,5189949000,2011
"517",1108757,50882,21517449000,2011
"518",401079,12294,7.802e+09,2011
"519",181228,9988,5004278000,2011
"521",18041,57,405273000,2011
"522",2759062,196167,51393805000,2011
"523",880695,95263,63163642000,2011
"524",2225725,174994,45729992000,2011
"525",3079,1056,97597000,2011
"531",1397087,285834,14920503000,2011
"532",491391,53490,4725610000,2011
"533",29162,2359,721119000,2011
"541",7929910,850903,132949400000,2011
"551",2921669,49497,84781518000,2011
"561",9032939,357638,70876618000,2011
"562",357011,23033,4223965000,2011
"611",3386047,91492,27298732000,2011
"621",6355462,573152,74166656000,2011
"622",5672028,6930,71911392000,2011
"623",3249461,79579,20008680000,2011
"624",2782161,159065,13526521000,2011
"711",427663,44890,5901596000,2011
"712",128780,7323,888133000,2011
"713",1446686,71114,6283628000,2011
"721",1864708,63398,11202482000,2011
"722",9691577,585613,33742690000,2011
"811",1162728,209407,9590938000,2011
"812",1311696,209124,6523984000,2011
"813",2707377,303867,17986204000,2011
"113",53515,8727,496983000,2012
"114",7767,2490,81763000,2012
"115",99795,10829,754241000,2012
"211",125001,8064,4581715000,2012
"212",204425,6582,3628436000,2012
"213",398200,14263,7816123000,2012
"221",641063,17833,17519571000,2012
"236",1040182,192052,12496431000,2012
"237",849599,39133,12002481000,2012
"238",3371161,421717,36665129000,2012
"311",1414237,25798,13074690000,2012
"312",150738,5075,1872956000,2012
"313",106894,2358,1009443000,2012
"314",111098,6216,870755000,2012
"315",111973,6457,696490000,2012
"316",27042,1143,216376000,2012
"321",341009,13723,2915345000,2012
"322",355648,4465,5062764000,2012
"323",471611,27526,4817705000,2012
"324",98009,2183,2519572000,2012
"325",738641,13309,14408811000,2012
"326",697798,12688,7646741000,2012
"327",344902,15242,3828240000,2012
"331",396045,4716,5888689000,2012
"332",1379271,55377,16213232000,2012
"333",1044231,24157,15066262000,2012
"334",850295,13248,16409005000,2012
"335",336758,5800,4451591000,2012
"336",1315478,11832,20573010000,2012
"337",341145,16294,3126500000,2012
"339",559220,29614,7314643000,2012
"423",3273158,243619,54712184000,2012
"424",2208552,130661,33886643000,2012
"425",294533,46221,3465811000,2012
"441",1718800,116409,16978080000,2012
"442",422595,51645,2837285000,2012
"443",428298,49684,2591082000,2012
"444",1170402,78314,8371666000,2012
"445",2872426,145624,14991724000,2012
"446",1010173,92423,8007418000,2012
"447",862630,114033,3809228000,2012
"448",1630575,147436,6934556000,2012
"451",511983,46321,2145359000,2012
"452",2871931,48872,14816252000,2012
"453",712624,107000,3437798000,2012
"454",595521,66081,6484947000,2012
"481",428110,4978,6643431000,2012
"483",69117,1795,1246758000,2012
"484",1344400,111763,13626016000,2012
"485",461834,18955,2754135000,2012
"486",49036,3627,1647098000,2012
"487",22579,2461,149704000,2012
"488",638691,43212,7262064000,2012
"492",527897,13613,5224797000,2012
"493",691717,14088,6835985000,2012
"511",847403,27062,19651012000,2012
"512",315801,24852,3977645000,2012
"515",274226,9616,5575417000,2012
"517",1057616,49172,22097695000,2012
"518",436253,13950,10198054000,2012
"519",204726,10533,6472953000,2012
"521",17941,57,419329000,2012
"522",2779734,197355,54482495000,2012
"523",899486,100091,59214227000,2012
"524",2278287,176309,49049298000,2012
"525",4213,698,134136000,2012
"531",1427731,293206,15895711000,2012
"532",480613,54048,5118080000,2012
"533",32337,2522,837979000,2012
"541",8016181,859182,142151431000,2012
"551",3037299,52247,90267171000,2012
"561",9498601,363690,78380763000,2012
"562",367695,23775,4653337000,2012
"611",3477047,95872,29254790000,2012
"621",6417852,583515,79389134000,2012
"622",5805716,6741,79714701000,2012
"623",3313234,80295,21171995000,2012
"624",2841540,163332,14407753000,2012
"711",439903,46090,6667755000,2012
"712",137405,7435,993336000,2012
"713",1479982,71557,6622681000,2012
"721",1936610,64245,12206493000,2012
"722",10048664,598512,36351665000,2012
"811",1179943,211156,10323062000,2012
"812",1327033,212741,6997069000,2012
"813",2749274,307102,19085316000,2012
"113",54863,8732,531744000,2013
"114",7464,2575,70624000,2013
"115",92169,10804,707072000,2013
"211",131789,8037,4972563000,2013
"212",203300,6436,3660193000,2013
"213",397097,14247,8077202000,2013
"221",638575,18004,18046992000,2013
"236",1120235,196559,13948858000,2013
"237",876990,39065,12311076000,2013
"238",3472956,422859,38239790000,2013
"311",1413977,25267,13543098000,2013
"312",160776,6250,2020664000,2013
"313",104833,2591,999742000,2013
"314",113510,6565,918164000,2013
"315",111782,6449,652360000,2013
"316",25715,1131,196112000,2013
"321",352098,13363,3090132000,2013
"322",354735,4392,5149334000,2013
"323",462503,26718,4773275000,2013
"324",97474,2155,2689256000,2013
"325",741030,12969,15074661000,2013
"326",707364,12468,7798748000,2013
"327",349849,14870,3958828000,2013
"331",393345,4532,5914875000,2013
"332",1399991,54948,16577195000,2013
"333",1057501,23877,15162455000,2013
"334",842769,12948,16258842000,2013
"335",332198,5704,4488311000,2013
"336",1369312,11756,22093960000,2013
"337",340983,15699,3152002000,2013
"339",544693,27442,7420991000,2013
"423",3350641,242551,56721005000,2013
"424",2258552,130027,35389139000,2013
"425",299570,47070,3492464000,2013
"441",1763085,116958,17498373000,2013
"442",426855,51103,2926709000,2013
"443",408456,47998,2672685000,2013
"444",1236724,77307,8508359000,2013
"445",2912378,149279,15122871000,2013
"446",1016207,93738,7986176000,2013
"447",884128,112458,3905059000,2013
"448",1710141,146350,7121830000,2013
"451",538564,46605,2304654000,2013
"452",2801028,50058,14683273000,2013
"453",733279,107349,3475034000,2013
"454",592517,64413,6749006000,2013
"481",418936,4864,6929593000,2013
"483",66672,1556,1205864000,2013
"484",1366634,112849,14133966000,2013
"485",473397,19198,2781813000,2013
"486",52021,3791,1775836000,2013
"487",24560,2618,156993000,2013
"488",640673,42679,7536925000,2013
"492",522602,13633,5500403000,2013
"493",721741,14359,7418999000,2013
"511",865415,27090,20576185000,2013
"512",344420,25239,4102897000,2013
"515",278647,9624,5779416000,2013
"517",1066950,48180,22027209000,2013
"518",488879,14276,11077826000,2013
"519",221773,11218,8148923000,2013
"521",18506,58,444973000,2013
"522",2838537,194960,59430481000,2013
"523",882152,101540,55794260000,2013
"524",2318521,174733,51572070000,2013
"525",6045,951,254750000,2013
"531",1439426,302374,16294438000,2013
"532",496197,52650,5350694000,2013
"533",36482,2509,893712000,2013
"541",8275350,869445,151035911000,2013
"551",3098762,52909,92442032000,2013
"561",9811193,369754,81238625000,2013
"562",374104,23600,4688189000,2013
"611",3513469,98104,30120246000,2013
"621",6570808,586276,81560538000,2013
"622",5814098,7094,81356624000,2013
"623",3357484,82166,21719262000,2013
"624",2856321,168067,14430836000,2013
"711",455140,46928,6302090000,2013
"712",139890,7448,1022546000,2013
"713",1516970,72576,6980608000,2013
"721",1963492,64687,12646967000,2013
"722",10431895,609123,38408355000,2013
"811",1195878,211266,10639194000,2013
"812",1345698,215664,7122450000,2013
"813",2741112,307476,19374867000,2013
"113",54183,8557,556989000,2014
"114",7467,2636,76589000,2014
"115",94713,10651,749820000,2014
"211",137839,8256,5625323000,2014
"212",197873,6384,3651980000,2014
"213",423259,15114,8888264000,2014
"221",637840,17962,18528990000,2014
"236",1180974,200846,15447228000,2014
"237",898858,38724,12932901000,2014
"238",3625314,427529,40520114000,2014
"311",1438983,26947,14057497000,2014
"312",171192,6768,2125156000,2014
"313",104150,2302,1009880000,2014
"314",113128,6211,946246000,2014
"315",106371,6891,656505000,2014
"316",25438,1174,209088000,2014
"321",365402,13719,3348576000,2014
"322",351976,4261,5242936000,2014
"323",458838,26187,4828579000,2014
"324",101905,2158,2798122000,2014
"325",750005,13079,16254789000,2014
"326",723625,12398,8184298000,2014
"327",359425,14799,4157035000,2014
"331",394367,4558,6001619000,2014
"332",1425859,54879,17326219000,2014
"333",1062688,23872,15547880000,2014
"334",820002,12825,17236515000,2014
"335",336512,5697,4663390000,2014
"336",1418898,11780,24258439000,2014
"337",354492,15521,3320872000,2014
"339",540995,26517,7454099000,2014
"423",3382754,241298,59364715000,2014
"424",2288967,130099,38656173000,2014
"425",295026,45196,3534821000,2014
"441",1837140,117633,18526992000,2014
"442",429073,50595,3026406000,2014
"443",409802,46760,2694072000,2014
"444",1265728,76951,8990349000,2014
"445",3016828,150178,15612926000,2014
"446",1020684,92398,8133234000,2014
"447",904084,111583,4043091000,2014
"448",1736053,147237,7368148000,2014
"451",559673,46340,2378936000,2014
"452",2836283,52377,15789321000,2014
"453",750557,108065,3563692000,2014
"454",606727,65251,7427705000,2014
"481",428799,4873,7725962000,2014
"483",68450,1689,1362799000,2014
"484",1392607,116429,15060028000,2014
"485",479780,19682,2919221000,2014
"486",NA,4189,1894790000,2014
"487",25312,2686,165748000,2014
"488",656573,42534,7889315000,2014
"492",540516,13864,5770379000,2014
"493",760982,14619,7954137000,2014
"511",873673,27086,22429218000,2014
"512",405464,25417,4012899000,2014
"515",267130,9609,5983111000,2014
"517",1043324,50435,23267997000,2014
"518",526302,13903,12766552000,2014
"519",248637,11897,10319791000,2014
"521",18788,58,471848000,2014
"522",2791279,192910,62110586000,2014
"523",891942,99785,67565647000,2014
"524",2369373,177141,55580009000,2014
"525",7331,1057,327901000,2014
"531",1496575,311198,18045921000,2014
"532",491670,53375,5474869000,2014
"533",33127,2503,922896000,2014
"541",8619574,882792,160676802000,2014
"551",3235958,53790,100870264000,2014
"561",10200517,374413,88693654000,2014
"562",378807,23743,4854270000,2014
"611",3562364,99377,31256843000,2014
"621",6721047,589906,84914661000,2014
"622",5775571,7072,82395803000,2014
"623",3427067,85089,22333693000,2014
"624",2928353,173185,15030847000,2014
"711",474256,48273,6839490000,2014
"712",143298,7498,1068864000,2014
"713",1552567,74068,7281281000,2014
"721",1998716,65050,13150918000,2014
"722",10793212,614246,40438471000,2014
"811",1226603,212140,11032296000,2014
"812",1364993,220291,7493737000,2014
"813",2755525,307514,20207227000,2014
"113",56169,8754,596451000,2015
"114",7509,2688,82311000,2015
"115",96466,10926,770822000,2015
"211",135482,7906,5435011000,2015
"212",191948,6324,3614277000,2015
"213",416230,14995,9078386000,2015
"221",639234,17990,19546810000,2015
"236",1251779,206286,16852164000,2015
"237",921511,38959,13384846000,2015
"238",3834996,437145,43811113000,2015
"311",1485656,26819,14685996000,2015
"312",184500,8002,2249344000,2015
"313",103489,2210,1024785000,2015
"314",114403,6195,968924000,2015
"315",103732,7087,653117000,2015
"316",26226,1180,223650000,2015
"321",378474,14071,3513550000,2015
"322",351043,4217,5299886000,2015
"323",447618,25688,4821045000,2015
"324",102479,2133,2871551000,2015
"325",758795,13182,16435434000,2015
"326",739708,12276,8469113000,2015
"327",369859,14731,4354211000,2015
"331",398566,4533,6420718000,2015
"332",1446767,54767,17653541000,2015
"333",1078367,23794,16242473000,2015
"334",795694,12677,16899503000,2015
"335",344735,5671,4886094000,2015
"336",1477611,11880,24949219000,2015
"337",359121,15098,3477543000,2015
"339",538658,26614,7560801000,2015
"423",3440564,237494,62347089000,2015
"424",2333872,130436,40541107000,2015
"425",301673,45507,3651158000,2015
"441",1908309,118157,19867970000,2015
"442",445240,50336,3154157000,2015
"443",407409,46731,2849194000,2015
"444",1280305,76565,9427138000,2015
"445",3129735,152504,16316978000,2015
"446",1041147,92762,8259119000,2015
"447",921654,111604,4243915000,2015
"448",1711022,146694,7469232000,2015
"451",579082,46195,2443683000,2015
"452",2902345,53022,16738272000,2015
"453",757820,108510,3785572000,2015
"454",620099,67129,7575299000,2015
"481",453380,4877,8337108000,2015
"483",67904,1710,1483274000,2015
"484",1448631,121653,15744023000,2015
"485",492630,20249,3080738000,2015
"486",52221,3671,1816410000,2015
"487",26488,2744,177364000,2015
"488",674531,43495,8296481000,2015
"492",591424,14853,6331026000,2015
"493",809359,15130,8531783000,2015
"511",877345,26859,23918060000,2015
"512",431554,25522,4146962000,2015
"515",259527,8439,6108677000,2015
"517",1026329,53010,23565541000,2015
"518",539171,13599,13113109000,2015
"519",260391,12079,11276132000,2015
"521",19187,58,496302000,2015
"522",2760714,191651,65984015000,2015
"523",896135,98482,68995780000,2015
"524",2453404,178697,58607741000,2015
"525",6474,1174,327143000,2015
"531",1522166,321871,19452193000,2015
"532",508802,53242,5931786000,2015
"533",34459,2489,1002467000,2015
"541",8798260,896026,169496182000,2015
"551",3308759,53943,106817106000,2015
"561",10728572,380407,95236471000,2015
"562",383893,23875,5085082000,2015
"611",3642170,101981,32267144000,2015
"621",7006624,603555,90186200000,2015
"622",5717986,7012,83310495000,2015
"623",3467097,86653,22888073000,2015
"624",3030157,178852,15872786000,2015
"711",483307,50239,7100853000,2015
"712",146027,7594,1114822000,2015
"713",1601488,75777,7632264000,2015
"721",2032041,66002,13660817000,2015
"722",11164851,621617,43143811000,2015
"811",1244684,213496,11519854000,2015
"812",1398136,225574,7871752000,2015
"813",2758413,306976,20748262000,2015
"113",55726,8739,588805000,2016
"114",7111,2807,77473000,2016
"115",97574,11048,806905000,2016
"211",122140,7330,4852906000,2016
"212",173900,6204,3065837000,2016
"213",290977,13700,5999050000,2016
"221",638917,18159,19556341000,2016
"236",1313535,210469,18273057000,2016
"237",941593,38477,14239719000,2016
"238",4056136,447787,48265674000,2016
"311",1506793,27138,15361144000,2016
"312",198027,8465,2384245000,2016
"313",101952,2151,1013215000,2016
"314",113013,6031,980162000,2016
"315",96791,6262,629898000,2016
"316",25678,1203,216707000,2016
"321",391377,14251,3696484000,2016
"322",348463,4091,5262562000,2016
"323",445992,25521,4894561000,2016
"324",104748,2167,3115856000,2016
"325",766771,13480,16812660000,2016
"326",750333,12083,8675934000,2016
"327",382637,14969,4576587000,2016
"331",375873,4464,5776774000,2016
"332",1406266,54968,17246299000,2016
"333",1030750,23509,15356068000,2016
"334",786387,12378,16291780000,2016
"335",344336,5657,4952027000,2016
"336",1504272,11683,25780728000,2016
"337",368902,15031,3616531000,2016
"339",541059,26041,7726656000,2016
"423",3464046,237789,62805066000,2016
"424",2341135,129133,39461844000,2016
"425",305567,45604,3761220000,2016
"441",1972103,118201,20939154000,2016
"442",453251,50033,3332471000,2016
"443",378632,40481,2598433000,2016
"444",1330599,75737,9140240000,2016
"445",3176122,152787,17316720000,2016
"446",1057314,96841,8050509000,2016
"447",947656,111076,4471566000,2016
"448",1738095,143870,7392910000,2016
"451",568730,45931,2418119000,2016
"452",2927434,54539,16410606000,2016
"453",781114,109494,3844717000,2016
"454",636843,70106,7423704000,2016
"481",466440,4522,9135470000,2016
"483",65132,1677,1396225000,2016
"484",1460598,124320,15810943000,2016
"485",515992,20247,3390166000,2016
"486",53657,3695,1829756000,2016
"487",29065,2846,199310000,2016
"488",692815,43627,8515586000,2016
"492",611946,14665,6473989000,2016
"493",834064,15395,8622263000,2016
"511",916599,27486,26268241000,2016
"512",447578,25497,4302008000,2016
"515",267072,8311,6042094000,2016
"517",1070796,59236,23787731000,2016
"518",462391,13566,11196017000,2016
"519",283514,12311,12321058000,2016
"521",19366,59,523086000,2016
"522",2838209,192147,65362397000,2016
"523",906849,102019,67111843000,2016
"524",2564918,181512,60022070000,2016
"525",7453,1248,316522000,2016
"531",1563001,334266,20398671000,2016
"532",512405,53681,5824557000,2016
"533",36012,2553,992922000,2016
"541",8799893,903534,172712422000,2016
"551",3380437,55384,105603817000,2016
"561",11236035,384877,101996006000,2016
"562",392474,24641,5075137000,2016
"611",3677275,103364,32865911000,2016
"621",7253573,611974,94032616000,2016
"622",5834702,7100,84177427000,2016
"623",3503483,88560,23373960000,2016
"624",3143950,182885,16653453000,2016
"711",503751,52235,7592426000,2016
"712",151270,7655,1156383000,2016
"713",1656416,77320,7824895000,2016
"721",2067377,66784,13893823000,2016
"722",11636640,636744,46553818000,2016
"811",1265012,214807,11881020000,2016
"812",1441285,230272,8125008000,2016
"813",2792947,309150,21462329000,2016
"113",54097,8789,595135000,2017
"114",7200,2918,86075000,2017
"115",102749,11656,886968000,2017
"211",108985,6405,4581226000,2017
"212",173179,5940,3096273000,2017
"213",295934,13387,5932464000,2017
"221",644703,18965,20911878000,2017
"236",1327846,214765,20162450000,2017
"237",953884,37923,15457818000,2017
"238",4251331,462953,54051363000,2017
"311",1544365,27519,16685722000,2017
"312",220567,9195,2746230000,2017
"313",96829,1993,1033899000,2017
"314",108005,5701,996532000,2017
"315",92364,5752,644646000,2017
"316",27276,1174,239241000,2017
"321",407160,14552,4160563000,2017
"322",345542,4054,5497815000,2017
"323",444195,25256,5151437000,2017
"324",105730,2135,3131417000,2017
"325",784725,13426,17387039000,2017
"326",771836,12217,9251889000,2017
"327",392588,15126,4923352000,2017
"331",370534,4287,5930033000,2017
"332",1397764,54066,17998902000,2017
"333",1030860,23014,16112244000,2017
"334",792108,12225,17526914000,2017
"335",340597,5469,5058934000,2017
"336",1535931,11568,26406563000,2017
"337",367085,14429,3851690000,2017
"339",545724,27778,8032614000,2017
"423",3460468,239812,63933550000,2017
"424",2363550,129654,42281215000,2017
"425",291458,40190,3726655000,2017
"441",2016013,118859,22187365000,2017
"442",460500,50643,3475829000,2017
"443",320956,30473,2342702000,2017
"444",1305091,75128,9582482000,2017
"445",3129973,150239,18166243000,2017
"446",1014206,97365,8863507000,2017
"447",943917,112866,4569515000,2017
"448",1757843,143208,7716042000,2017
"451",535136,45079,2396135000,2017
"452",2702588,53749,16433758000,2017
"453",757614,109244,3995457000,2017
"454",761971,77596,8418319000,2017
"481",470353,4441,10902457000,2017
"483",61762,1668,1402727000,2017
"484",1465040,126986,16858564000,2017
"485",514655,20397,3656629000,2017
"486",51448,3712,1927893000,2017
"487",29611,2898,217026000,2017
"488",718282,45946,9165418000,2017
"492",641572,14359,7113202000,2017
"493",913559,16901,9489362000,2017
"511",1009323,29740,30948659000,2017
"512",338250,25801,4667845000,2017
"515",261295,8252,6573410000,2017
"517",1071593,60475,24279320000,2017
"518",525528,17597,14148771000,2017
"519",301977,12069,15129485000,2017
"521",19738,58,542877000,2017
"522",2884086,193932,70922539000,2017
"523",904303,103180,70341607000,2017
"524",2596059,180115,64306918000,2017
"525",3982,939,191405000,2017
"531",1606886,349265,21886764000,2017
"532",502552,54545,6064992000,2017
"533",38568,2758,1118955000,2017
"541",8905549,914718,182430305000,2017
"551",3462498,56363,106400981000,2017
"561",11489562,394496,109881381000,2017
"562",407494,25348,5533875000,2017
"611",3688541,105173,34798914000,2017
"621",7406773,625395,101948442000,2017
"622",6001339,7020,92219849000,2017
"623",3514416,89876,24952801000,2017
"624",3318910,175344,18779668000,2017
"711",508311,54245,8126388000,2017
"712",154376,7654,1271172000,2017
"713",1706241,81497,8224481000,2017
"721",2111433,68375,14871823000,2017
"722",11976778,657792,49947767000,2017
"811",1284111,218701,12751733000,2017
"812",1464600,235974,8632076000,2017
"813",2786267,310165,22691881000,2017
"113",54024,8690,617298000,2018
"114",7221,2955,90275000,2018
"115",102751,11748,925173000,2018
"211",107630,6277,5156263000,2018
"212",170635,5829,3424218000,2018
"213",327433,13487,7185938000,2018
"221",646930,19028,21558892000,2018
"236",1391532,222751,21962288000,2018
"237",999733,38135,16562377000,2018
"238",4423714,472803,58019927000,2018
"311",1570295,27728,17382198000,2018
"312",239690,10113,2958976000,2018
"313",94258,1981,1045725000,2018
"314",105494,5749,999052000,2018
"315",84546,5482,626263000,2018
"316",25901,1162,237176000,2018
"321",415151,14463,4321848000,2018
"322",344537,3999,5671839000,2018
"323",438516,24809,5175859000,2018
"324",107040,2106,3264855000,2018
"325",798028,13615,18605362000,2018
"326",785794,12065,9743809000,2018
"327",399572,15076,5234435000,2018
"331",374837,4112,6343305000,2018
"332",1437086,55020,19198687000,2018
"333",1057407,23060,17874197000,2018
"334",780965,12044,17907942000,2018
"335",345470,5549,5317874000,2018
"336",1585194,11567,28557196000,2018
"337",372286,14581,3981127000,2018
"339",550598,25811,8627016000,2018
"423",3497708,236609,67541019000,2018
"424",2381687,128000,44021919000,2018
"425",284420,39039,3782595000,2018
"441",2011372,118387,22383062000,2018
"442",469469,49845,3634469000,2018
"443",308132,27500,2400903000,2018
"444",1361087,74591,10179365000,2018
"445",3087358,150289,18463425000,2018
"446",1038123,93468,9193414000,2018
"447",974156,112662,4745938000,2018
"448",1702273,139595,8001217000,2018
"451",526409,43936,2439289000,2018
"452",2665437,53772,16414174000,2018
"453",760362,108155,4186484000,2018
"454",778969,77975,9325903000,2018
"481",479569,4414,11448100000,2018
"483",61530,1646,1439131000,2018
"484",1514255,134769,18119010000,2018
"485",512754,20415,3978455000,2018
"486",47758,3440,1902051000,2018
"487",29798,2938,237815000,2018
"488",742796,45792,9895166000,2018
"492",675990,14467,7499513000,2018
"493",967386,16919,10373193000,2018
"511",1015946,29662,33936774000,2018
"512",336658,26880,5052211000,2018
"515",254422,8063,6591965000,2018
"517",1129079,63342,24836892000,2018
"518",546889,17526,15701369000,2018
"519",317906,12293,18260442000,2018
"521",19786,58,561991000,2018
"522",2869431,189666,76464360000,2018
"523",925359,103854,75552604000,2018
"524",2680307,182900,69636563000,2018
"525",4325,1084,255385000,2018
"531",1653814,361500,22939203000,2018
"532",516661,53778,6608778000,2018
"533",39171,2727,1149421000,2018
"541",9111666,921521,197886799000,2018
"551",3528948,54726,114075585000,2018
"561",11862147,393261,117151892000,2018
"562",425659,25607,5993212000,2018
"611",3731157,106939,36130263000,2018
"621",7568202,629445,107122164000,2018
"622",6055138,6906,96715453000,2018
"623",3527455,90732,25942060000,2018
"624",3347958,180343,19461655000,2018
"711",524840,56503,8633652000,2018
"712",157785,7736,1315088000,2018
"713",1752937,82883,8591963000,2018
"721",2121365,69050,15627841000,2018
"722",12223775,664084,53091454000,2018
"811",1303518,217830,13318228000,2018
"812",1504407,239347,9312732000,2018
"813",2787819,309584,23336455000,2018
"113",51928,8366,616714000,2019
"114",7316,2944,98348000,2019
"115",105323,11507,969573000,2019
"211",108128,6139,5447497000,2019
"212",177656,5857,3590121000,2019
"213",340956,13081,7774668000,2019
"221",641700,19146,22664232000,2019
"236",1451904,228282,23538575000,2019
"237",1038883,38137,17705510000,2019
"238",4553114,478788,61802772000,2019
"311",1593960,28090,17919819000,2019
"312",256195,10875,3240855000,2019
"313",93257,1926,1050764000,2019
"314",106053,5605,1029018000,2019
"315",80697,5462,622467000,2019
"316",26341,1171,241695000,2019
"321",415757,14223,4488639000,2019
"322",347386,3938,6029581000,2019
"323",429253,24194,5070692000,2019
"324",107509,2108,3230139000,2019
"325",817229,13832,19572046000,2019
"326",796520,11951,10151236000,2019
"327",402095,15008,5369083000,2019
"331",385544,4021,6756636000,2019
"332",1466779,54430,20053245000,2019
"333",1079338,22768,18534901000,2019
"334",794764,11870,18569644000,2019
"335",349329,5402,5577421000,2019
"336",1640937,11509,30063673000,2019
"337",367408,14397,4027152000,2019
"339",553452,24846,9128905000,2019
"423",3540499,233316,70842459000,2019
"424",2367720,126042,45297616000,2019
"425",273005,38007,3685470000,2019
"441",2022938,117800,23154687000,2019
"442",472981,48769,3679800000,2019
"443",293493,25780,2295371000,2019
"444",1339557,73826,10205585000,2019
"445",3116548,150144,18930301000,2019
"446",1022210,94289,9441094000,2019
"447",994334,112630,5091118000,2019
"448",1666358,136997,8133936000,2019
"451",477462,42526,2338198000,2019
"452",2733834,55803,17444161000,2019
"453",768579,107957,4462916000,2019
"454",784996,78436,9478722000,2019
"481",501344,4442,12102859000,2019
"483",62183,1653,1521912000,2019
"484",1581947,138591,19660156000,2019
"485",511843,20397,4732660000,2019
"486",47189,3409,1970576000,2019
"487",29673,2990,251140000,2019
"488",797586,46393,10880726000,2019
"492",855159,14860,8390732000,2019
"493",1021448,17345,11592154000,2019
"511",1010819,29716,36738818000,2019
"512",328152,27816,4962344000,2019
"515",266876,8213,7085784000,2019
"517",1076629,63657,25586268000,2019
"518",552937,17297,16619608000,2019
"519",336939,12561,19481386000,2019
"521",19989,59,585776000,2019
"522",2868544,190372,79378851000,2019
"523",927216,103569,76531194000,2019
"524",2729762,181161,71979441000,2019
"525",7655,1526,333185000,2019
"531",1676886,369953,24657132000,2019
"532",527525,52625,7070262000,2019
"533",35737,2685,1175453000,2019
"541",9284491,927205,208350801000,2019
"551",3523278,52749,117734903000,2019
"561",12203451,399195,126352144000,2019
"562",438566,25733,6403346000,2019
"611",3808801,108285,38095802000,2019
"621",7820262,636343,113588990000,2019
"622",6078477,6933,99459083000,2019
"623",3538496,93020,27013082000,2019
"624",3427575,182137,20710664000,2019
"711",543264,58627,9189825000,2019
"712",159835,7759,1377967000,2019
"713",1801314,84855,9181826000,2019
"721",2161388,69205,16404329000,2019
"722",12330989,672602,55634832000,2019
"811",1306546,216928,13803657000,2019
"812",1540170,244427,9930426000,2019
"813",2772524,308209,24125570000,2019
"113",50710,8212,612077000,2020
"114",7059,2927,84893000,2020
"115",109435,11608,1048726000,2020
"211",100245,5779,4880235000,2020
"212",170784,5812,3495913000,2020
"213",306892,12317,7118273000,2020
"221",637058,19484,22998326000,2020
"236",1495473,233058,25204920000,2020
"237",1046895,37991,18319995000,2020
"238",4639703,482292,65133472000,2020
"311",1614185,28652,19237987000,2020
"312",267982,11134,3419690000,2020
"313",86023,1898,999341000,2020
"314",107626,5340,1099645000,2020
"315",74387,4961,596111000,2020
"316",25426,1108,246458000,2020
"321",412689,13747,4675377000,2020
"322",341709,3870,6007882000,2020
"323",414642,23393,5024559000,2020
"324",111764,2133,3297932000,2020
"325",834524,13987,20168249000,2020
"326",795045,11804,10449020000,2020
"327",396756,14930,5472824000,2020
"331",371293,3858,6521794000,2020
"332",1431651,53565,20194312000,2020
"333",1051305,22274,18110182000,2020
"334",797007,11690,18976105000,2020
"335",342839,5312,5769542000,2020
"336",1617836,11284,30061477000,2020
"337",360220,14359,4053915000,2020
"339",544913,24225,9260537000,2020
"423",3550754,230053,72669507000,2020
"424",2328932,124246,46614664000,2020
"425",265692,36815,3707345000,2020
"441",2043412,117195,24254165000,2020
"442",461414,47539,3784727000,2020
"443",269435,24006,2190690000,2020
"444",1345286,72504,10929028000,2020
"445",3182917,150329,20061099000,2020
"446",1021298,93909,9582892000,2020
"447",994415,111752,5356233000,2020
"448",1614371,132964,8020442000,2020
"451",465218,41220,2403316000,2020
"452",2764325,56121,16596696000,2020
"453",766886,106376,4694502000,2020
"454",879488,82906,10572408000,2020
"481",525363,4464,14063119000,2020
"483",64665,1715,1604555000,2020
"484",1624213,144774,20361982000,2020
"485",512175,19857,5203041000,2020
"486",45903,3411,1791962000,2020
"487",28171,2965,257687000,2020
"488",808668,47511,11122051000,2020
"492",961387,15611,9378791000,2020
"493",1141365,17477,12535079000,2020
"511",1044736,29900,40270597000,2020
"512",318921,28478,4877496000,2020
"515",273796,8266,7592422000,2020
"517",1019736,64043,25953480000,2020
"518",557409,17273,17616614000,2020
"519",362862,12970,22484803000,2020
"521",20213,58,621394000,2020
"522",2926134,188791,84850736000,2020
"523",929859,104932,78221015000,2020
"524",2798464,181309,76388583000,2020
"525",7673,1726,387551000,2020
"531",1720076,383875,26433282000,2020
"532",521786,51233,7166860000,2020
"533",38771,2571,1395208000,2020
"541",9554479,943222,224188753000,2020
"551",3571149,52409,119003134000,2020
"561",12267412,404736,139010232000,2020
"562",450609,26337,6804388000,2020
"611",3832033,110087,39929502000,2020
"621",7994079,642970,118981535000,2020
"622",6184265,7121,103017151000,2020
"623",3544511,93113,28248285000,2020
"624",3493714,184970,21949334000,2020
"711",539525,59909,9531737000,2020
"712",160577,7710,1445123000,2020
"713",1804857,84262,9743513000,2020
"721",2161823,69202,17176584000,2020
"722",12215193,664670,57267611000,2020
"811",1304597,216072,14322127000,2020
"812",1546383,248626,10255905000,2020
"813",2750708,306632,25032370000,2020
"113",49632,8249,604265000,2021
"114",6911,3027,78080000,2021
"115",109145,12032,1087229000,2021
"211",88532,5444,3987930000,2021
"212",160801,5831,3249179000,2021
"213",225544,11773,4986679000,2021
"221",633738,19896,22797158000,2021
"236",1486733,244227,25216704000,2021
"237",986427,38155,17317882000,2021
"238",4588862,497875,64136430000,2021
"311",1604515,29512,19500834000,2021
"312",250212,11704,3395839000,2021
"313",82525,1816,957985000,2021
"314",103444,5219,1058916000,2021
"315",64767,4872,532029000,2021
"316",24122,1086,235275000,2021
"321",419989,13887,5025266000,2021
"322",339994,3842,5875852000,2021
"323",369632,22580,4506403000,2021
"324",100149,2097,3053910000,2021
"325",853730,14186,20910578000,2021
"326",786504,11518,10518325000,2021
"327",399037,14958,5623048000,2021
"331",339003,3717,6016644000,2021
"332",1359954,53743,19065685000,2021
"333",1012124,21858,17624961000,2021
"334",784461,11435,19329416000,2021
"335",337179,5254,5959474000,2021
"336",1594321,11332,29465545000,2021
"337",349496,14394,3857283000,2021
"339",535266,24005,9243616000,2021
"423",3457895,230245,72534302000,2021
"424",2228299,123935,45867665000,2021
"425",239751,36662,3632106000,2021
"441",1957714,119922,25395842000,2021
"442",428358,45403,3860616000,2021
"443",222660,22800,2137838000,2021
"444",1378194,72393,11263038000,2021
"445",3331399,154177,20645135000,2021
"446",990231,92339,9355611000,2021
"447",976503,110925,5460212000,2021
"448",1358781,123641,7051807000,2021
"451",449574,41173,2425607000,2021
"452",2767185,56707,18481323000,2021
"453",725909,107089,4604339000,2021
"454",944122,90310,12320677000,2021
"481",465423,4543,10367177000,2021
"483",56430,1792,1381692000,2021
"484",1659172,163565,20545420000,2021
"485",392975,19226,3822115000,2021
"486",45290,3446,1776213000,2021
"487",17808,3068,145114000,2021
"488",766759,48609,10738998000,2021
"492",1090906,16647,11509776000,2021
"493",1198878,18252,13294171000,2021
"511",1042516,30939,43635730000,2021
"512",241278,29670,4525121000,2021
"515",272227,8330,7727730000,2021
"517",942252,62105,25010324000,2021
"518",552789,17297,20579241000,2021
"519",363567,13665,27544768000,2021
"521",20708,63,687208000,2021
"522",2968644,186762,93063642000,2021
"523",941598,108690,88283201000,2021
"524",2799419,181472,76929090000,2021
"525",7940,1904,462398000,2021
"531",1709890,402793,26563573000,2021
"532",433644,50849,6162091000,2021
"533",37068,2584,1262396000,2021
"541",9531475,962470,230736481000,2021
"551",3484154,52072,117159388000,2021
"561",12054181,419871,147682965000,2021
"562",455419,27603,6858973000,2021
"611",3488028,111543,38683375000,2021
"621",8131466,656224,122022543000,2021
"622",6085569,7465,102598903000,2021
"623",3254794,95175,27263672000,2021
"624",3209764,188706,21517515000,2021
"711",341645,63728,7652498000,2021
"712",120417,7864,1157494000,2021
"713",1396607,84553,7818087000,2021
"721",1515600,70795,10874479000,2021
"722",10626727,675135,48595322000,2021
"811",1280375,220041,13925465000,2021
"812",1344766,254391,9224865000,2021
"813",2479963,307014,23876629000,2021
